area,year,item_no,item_short,measure,category,label,points,n,pct
"พื้นที่สูง",2565,1,"ความสูงจุดสูงสุด","continuous","0 (ไม่มีข้อมูล)","0 (ไม่มีข้อมูล)",,33,2.03
"พื้นที่สูง",2565,1,"ความสูงจุดสูงสุด","continuous","1–499","1–499",,399,24.58
"พื้นที่สูง",2565,1,"ความสูงจุดสูงสุด","continuous","500–699","500–699",,330,20.33
"พื้นที่สูง",2565,1,"ความสูงจุดสูงสุด","continuous","700–999","700–999",,435,26.8
"พื้นที่สูง",2565,1,"ความสูงจุดสูงสุด","continuous","1,000–1,299","1,000–1,299",,238,14.66
"พื้นที่สูง",2565,1,"ความสูงจุดสูงสุด","continuous","≥ 1,300","≥ 1,300",,188,11.58
"พื้นที่สูง",2566,1,"ความสูงจุดสูงสุด","continuous","0 (ไม่มีข้อมูล)","0 (ไม่มีข้อมูล)",,17,7.46
"พื้นที่สูง",2566,1,"ความสูงจุดสูงสุด","continuous","1–499","1–499",,73,32.02
"พื้นที่สูง",2566,1,"ความสูงจุดสูงสุด","continuous","500–699","500–699",,127,55.7
"พื้นที่สูง",2566,1,"ความสูงจุดสูงสุด","continuous","700–999","700–999",,11,4.82
"พื้นที่สูง",2566,1,"ความสูงจุดสูงสุด","continuous","1,000–1,299","1,000–1,299",,0,0
"พื้นที่สูง",2566,1,"ความสูงจุดสูงสุด","continuous","≥ 1,300","≥ 1,300",,0,0
"พื้นที่สูง",2567,1,"ความสูงจุดสูงสุด","continuous","0 (ไม่มีข้อมูล)","0 (ไม่มีข้อมูล)",,0,0
"พื้นที่สูง",2567,1,"ความสูงจุดสูงสุด","continuous","1–499","1–499",,34,55.74
"พื้นที่สูง",2567,1,"ความสูงจุดสูงสุด","continuous","500–699","500–699",,25,40.98
"พื้นที่สูง",2567,1,"ความสูงจุดสูงสุด","continuous","700–999","700–999",,2,3.28
"พื้นที่สูง",2567,1,"ความสูงจุดสูงสุด","continuous","1,000–1,299","1,000–1,299",,0,0
"พื้นที่สูง",2567,1,"ความสูงจุดสูงสุด","continuous","≥ 1,300","≥ 1,300",,0,0
"พื้นที่สูง",2569,1,"ความสูงจุดสูงสุด","continuous","0 (ไม่มีข้อมูล)","0 (ไม่มีข้อมูล)",,0,0
"พื้นที่สูง",2569,1,"ความสูงจุดสูงสุด","continuous","1–499","1–499",,62,84.93
"พื้นที่สูง",2569,1,"ความสูงจุดสูงสุด","continuous","500–699","500–699",,9,12.33
"พื้นที่สูง",2569,1,"ความสูงจุดสูงสุด","continuous","700–999","700–999",,2,2.74
"พื้นที่สูง",2569,1,"ความสูงจุดสูงสุด","continuous","1,000–1,299","1,000–1,299",,0,0
"พื้นที่สูง",2569,1,"ความสูงจุดสูงสุด","continuous","≥ 1,300","≥ 1,300",,0,0
"พื้นที่สูง",2565,2,"ชายแดน","ordinal","1","1. หมู่บ้าน/เขตบริการติดชายแดน",5,260,16.02
"พื้นที่สูง",2565,2,"ชายแดน","ordinal","2","2. ตำบลติดชายแดน",4,233,14.36
"พื้นที่สูง",2565,2,"ชายแดน","ordinal","3","3. อำเภอติดชายแดน",3,405,24.95
"พื้นที่สูง",2565,2,"ชายแดน","ordinal","4","4. จังหวัดติดชายแดน",2,373,22.98
"พื้นที่สูง",2565,2,"ชายแดน","ordinal","5","5. ไม่อยู่ในจังหวัดติดชายแดน",0,307,18.92
"พื้นที่สูง",2565,2,"ชายแดน","ordinal","blank","(ไม่ได้กรอก)",,45,2.77
"พื้นที่สูง",2566,2,"ชายแดน","ordinal","1","1. หมู่บ้าน/เขตบริการติดชายแดน",5,21,9.21
"พื้นที่สูง",2566,2,"ชายแดน","ordinal","2","2. ตำบลติดชายแดน",4,11,4.82
"พื้นที่สูง",2566,2,"ชายแดน","ordinal","3","3. อำเภอติดชายแดน",3,74,32.46
"พื้นที่สูง",2566,2,"ชายแดน","ordinal","4","4. จังหวัดติดชายแดน",2,67,29.39
"พื้นที่สูง",2566,2,"ชายแดน","ordinal","5","5. ไม่อยู่ในจังหวัดติดชายแดน",0,35,15.35
"พื้นที่สูง",2566,2,"ชายแดน","ordinal","blank","(ไม่ได้กรอก)",,20,8.77
"พื้นที่สูง",2567,2,"ชายแดน","ordinal","1","1. หมู่บ้าน/เขตบริการติดชายแดน",5,5,8.2
"พื้นที่สูง",2567,2,"ชายแดน","ordinal","2","2. ตำบลติดชายแดน",4,5,8.2
"พื้นที่สูง",2567,2,"ชายแดน","ordinal","3","3. อำเภอติดชายแดน",3,6,9.84
"พื้นที่สูง",2567,2,"ชายแดน","ordinal","4","4. จังหวัดติดชายแดน",2,17,27.87
"พื้นที่สูง",2567,2,"ชายแดน","ordinal","5","5. ไม่อยู่ในจังหวัดติดชายแดน",0,16,26.23
"พื้นที่สูง",2567,2,"ชายแดน","ordinal","blank","(ไม่ได้กรอก)",,12,19.67
"พื้นที่สูง",2569,2,"ชายแดน","ordinal","1","1. หมู่บ้าน/เขตบริการติดชายแดน",5,2,2.74
"พื้นที่สูง",2569,2,"ชายแดน","ordinal","2","2. ตำบลติดชายแดน",4,4,5.48
"พื้นที่สูง",2569,2,"ชายแดน","ordinal","3","3. อำเภอติดชายแดน",3,3,4.11
"พื้นที่สูง",2569,2,"ชายแดน","ordinal","4","4. จังหวัดติดชายแดน",2,30,41.1
"พื้นที่สูง",2569,2,"ชายแดน","ordinal","5","5. ไม่อยู่ในจังหวัดติดชายแดน",0,7,9.59
"พื้นที่สูง",2569,2,"ชายแดน","ordinal","blank","(ไม่ได้กรอก)",,27,36.99
"พื้นที่สูง",2565,3,"เขต อปท.","ordinal","1","1. อบต.",5,1310,80.71
"พื้นที่สูง",2565,3,"เขต อปท.","ordinal","2","2. เทศบาลตำบล",4,273,16.82
"พื้นที่สูง",2565,3,"เขต อปท.","ordinal","3","3. เทศบาลเมือง",3,4,0.25
"พื้นที่สูง",2565,3,"เขต อปท.","ordinal","4","4. เทศบาลนคร",0,2,0.12
"พื้นที่สูง",2565,3,"เขต อปท.","ordinal","blank","(ไม่ได้กรอก)",,34,2.09
"พื้นที่สูง",2566,3,"เขต อปท.","ordinal","1","1. อบต.",5,141,61.84
"พื้นที่สูง",2566,3,"เขต อปท.","ordinal","2","2. เทศบาลตำบล",4,68,29.82
"พื้นที่สูง",2566,3,"เขต อปท.","ordinal","3","3. เทศบาลเมือง",3,1,0.44
"พื้นที่สูง",2566,3,"เขต อปท.","ordinal","4","4. เทศบาลนคร",0,0,0
"พื้นที่สูง",2566,3,"เขต อปท.","ordinal","blank","(ไม่ได้กรอก)",,18,7.89
"พื้นที่สูง",2567,3,"เขต อปท.","ordinal","1","1. อบต.",5,39,63.93
"พื้นที่สูง",2567,3,"เขต อปท.","ordinal","2","2. เทศบาลตำบล",4,8,13.11
"พื้นที่สูง",2567,3,"เขต อปท.","ordinal","3","3. เทศบาลเมือง",3,1,1.64
"พื้นที่สูง",2567,3,"เขต อปท.","ordinal","4","4. เทศบาลนคร",0,1,1.64
"พื้นที่สูง",2567,3,"เขต อปท.","ordinal","blank","(ไม่ได้กรอก)",,12,19.67
"พื้นที่สูง",2569,3,"เขต อปท.","ordinal","1","1. อบต.",5,39,53.42
"พื้นที่สูง",2569,3,"เขต อปท.","ordinal","2","2. เทศบาลตำบล",4,7,9.59
"พื้นที่สูง",2569,3,"เขต อปท.","ordinal","3","3. เทศบาลเมือง",3,0,0
"พื้นที่สูง",2569,3,"เขต อปท.","ordinal","4","4. เทศบาลนคร",0,0,0
"พื้นที่สูง",2569,3,"เขต อปท.","ordinal","blank","(ไม่ได้กรอก)",,27,36.99
"พื้นที่สูง",2565,4,"ถนนรถ 2 ล้อไปไม่ได้","continuous","0 (ไม่มีเส้นทางลำบาก)","0 (ไม่มีเส้นทางลำบาก)",,1423,87.68
"พื้นที่สูง",2565,4,"ถนนรถ 2 ล้อไปไม่ได้","continuous","0.01–1.99","0.01–1.99",,13,0.8
"พื้นที่สูง",2565,4,"ถนนรถ 2 ล้อไปไม่ได้","continuous","2–4.99","2–4.99",,32,1.97
"พื้นที่สูง",2565,4,"ถนนรถ 2 ล้อไปไม่ได้","continuous","5–9.99","5–9.99",,49,3.02
"พื้นที่สูง",2565,4,"ถนนรถ 2 ล้อไปไม่ได้","continuous","≥ 10","≥ 10",,106,6.53
"พื้นที่สูง",2566,4,"ถนนรถ 2 ล้อไปไม่ได้","continuous","0 (ไม่มีเส้นทางลำบาก)","0 (ไม่มีเส้นทางลำบาก)",,218,95.61
"พื้นที่สูง",2566,4,"ถนนรถ 2 ล้อไปไม่ได้","continuous","0.01–1.99","0.01–1.99",,1,0.44
"พื้นที่สูง",2566,4,"ถนนรถ 2 ล้อไปไม่ได้","continuous","2–4.99","2–4.99",,4,1.75
"พื้นที่สูง",2566,4,"ถนนรถ 2 ล้อไปไม่ได้","continuous","5–9.99","5–9.99",,2,0.88
"พื้นที่สูง",2566,4,"ถนนรถ 2 ล้อไปไม่ได้","continuous","≥ 10","≥ 10",,3,1.32
"พื้นที่สูง",2567,4,"ถนนรถ 2 ล้อไปไม่ได้","continuous","0 (ไม่มีเส้นทางลำบาก)","0 (ไม่มีเส้นทางลำบาก)",,58,95.08
"พื้นที่สูง",2567,4,"ถนนรถ 2 ล้อไปไม่ได้","continuous","0.01–1.99","0.01–1.99",,1,1.64
"พื้นที่สูง",2567,4,"ถนนรถ 2 ล้อไปไม่ได้","continuous","2–4.99","2–4.99",,0,0
"พื้นที่สูง",2567,4,"ถนนรถ 2 ล้อไปไม่ได้","continuous","5–9.99","5–9.99",,0,0
"พื้นที่สูง",2567,4,"ถนนรถ 2 ล้อไปไม่ได้","continuous","≥ 10","≥ 10",,2,3.28
"พื้นที่สูง",2569,4,"ถนนรถ 2 ล้อไปไม่ได้","continuous","0 (ไม่มีเส้นทางลำบาก)","0 (ไม่มีเส้นทางลำบาก)",,70,95.89
"พื้นที่สูง",2569,4,"ถนนรถ 2 ล้อไปไม่ได้","continuous","0.01–1.99","0.01–1.99",,1,1.37
"พื้นที่สูง",2569,4,"ถนนรถ 2 ล้อไปไม่ได้","continuous","2–4.99","2–4.99",,1,1.37
"พื้นที่สูง",2569,4,"ถนนรถ 2 ล้อไปไม่ได้","continuous","5–9.99","5–9.99",,0,0
"พื้นที่สูง",2569,4,"ถนนรถ 2 ล้อไปไม่ได้","continuous","≥ 10","≥ 10",,1,1.37
"พื้นที่สูง",2565,5,"ระยะทางถึงศาลากลาง","continuous","0 (ไม่มีข้อมูล)","0 (ไม่มีข้อมูล)",,19,1.17
"พื้นที่สูง",2565,5,"ระยะทางถึงศาลากลาง","continuous","1–49","1–49",,149,9.18
"พื้นที่สูง",2565,5,"ระยะทางถึงศาลากลาง","continuous","50–99","50–99",,625,38.51
"พื้นที่สูง",2565,5,"ระยะทางถึงศาลากลาง","continuous","100–149","100–149",,494,30.44
"พื้นที่สูง",2565,5,"ระยะทางถึงศาลากลาง","continuous","150–199","150–199",,255,15.71
"พื้นที่สูง",2565,5,"ระยะทางถึงศาลากลาง","continuous","≥ 200","≥ 200",,81,4.99
"พื้นที่สูง",2566,5,"ระยะทางถึงศาลากลาง","continuous","0 (ไม่มีข้อมูล)","0 (ไม่มีข้อมูล)",,17,7.46
"พื้นที่สูง",2566,5,"ระยะทางถึงศาลากลาง","continuous","1–49","1–49",,29,12.72
"พื้นที่สูง",2566,5,"ระยะทางถึงศาลากลาง","continuous","50–99","50–99",,130,57.02
"พื้นที่สูง",2566,5,"ระยะทางถึงศาลากลาง","continuous","100–149","100–149",,48,21.05
"พื้นที่สูง",2566,5,"ระยะทางถึงศาลากลาง","continuous","150–199","150–199",,3,1.32
"พื้นที่สูง",2566,5,"ระยะทางถึงศาลากลาง","continuous","≥ 200","≥ 200",,1,0.44
"พื้นที่สูง",2567,5,"ระยะทางถึงศาลากลาง","continuous","0 (ไม่มีข้อมูล)","0 (ไม่มีข้อมูล)",,0,0
"พื้นที่สูง",2567,5,"ระยะทางถึงศาลากลาง","continuous","1–49","1–49",,12,19.67
"พื้นที่สูง",2567,5,"ระยะทางถึงศาลากลาง","continuous","50–99","50–99",,34,55.74
"พื้นที่สูง",2567,5,"ระยะทางถึงศาลากลาง","continuous","100–149","100–149",,9,14.75
"พื้นที่สูง",2567,5,"ระยะทางถึงศาลากลาง","continuous","150–199","150–199",,2,3.28
"พื้นที่สูง",2567,5,"ระยะทางถึงศาลากลาง","continuous","≥ 200","≥ 200",,4,6.56
"พื้นที่สูง",2569,5,"ระยะทางถึงศาลากลาง","continuous","0 (ไม่มีข้อมูล)","0 (ไม่มีข้อมูล)",,0,0
"พื้นที่สูง",2569,5,"ระยะทางถึงศาลากลาง","continuous","1–49","1–49",,8,10.96
"พื้นที่สูง",2569,5,"ระยะทางถึงศาลากลาง","continuous","50–99","50–99",,42,57.53
"พื้นที่สูง",2569,5,"ระยะทางถึงศาลากลาง","continuous","100–149","100–149",,22,30.14
"พื้นที่สูง",2569,5,"ระยะทางถึงศาลากลาง","continuous","150–199","150–199",,1,1.37
"พื้นที่สูง",2569,5,"ระยะทางถึงศาลากลาง","continuous","≥ 200","≥ 200",,0,0
"พื้นที่สูง",2565,6,"ขนส่งสาธารณะ","ordinal","1","1. ไม่มีรถประจำทาง",5,1259,77.57
"พื้นที่สูง",2565,6,"ขนส่งสาธารณะ","ordinal","2","2. ≤2 เที่ยว/วัน",4,178,10.97
"พื้นที่สูง",2565,6,"ขนส่งสาธารณะ","ordinal","3","3. ≤4 เที่ยว/วัน",3,66,4.07
"พื้นที่สูง",2565,6,"ขนส่งสาธารณะ","ordinal","4","4. ≤6 เที่ยว/วัน",1,32,1.97
"พื้นที่สูง",2565,6,"ขนส่งสาธารณะ","ordinal","5","5. >6 เที่ยว/วัน",1,52,3.2
"พื้นที่สูง",2565,6,"ขนส่งสาธารณะ","ordinal","blank","(ไม่ได้กรอก)",,36,2.22
"พื้นที่สูง",2566,6,"ขนส่งสาธารณะ","ordinal","1","1. ไม่มีรถประจำทาง",5,152,66.67
"พื้นที่สูง",2566,6,"ขนส่งสาธารณะ","ordinal","2","2. ≤2 เที่ยว/วัน",4,39,17.11
"พื้นที่สูง",2566,6,"ขนส่งสาธารณะ","ordinal","3","3. ≤4 เที่ยว/วัน",3,5,2.19
"พื้นที่สูง",2566,6,"ขนส่งสาธารณะ","ordinal","4","4. ≤6 เที่ยว/วัน",1,6,2.63
"พื้นที่สูง",2566,6,"ขนส่งสาธารณะ","ordinal","5","5. >6 เที่ยว/วัน",1,8,3.51
"พื้นที่สูง",2566,6,"ขนส่งสาธารณะ","ordinal","blank","(ไม่ได้กรอก)",,18,7.89
"พื้นที่สูง",2567,6,"ขนส่งสาธารณะ","ordinal","1","1. ไม่มีรถประจำทาง",5,41,67.21
"พื้นที่สูง",2567,6,"ขนส่งสาธารณะ","ordinal","2","2. ≤2 เที่ยว/วัน",4,2,3.28
"พื้นที่สูง",2567,6,"ขนส่งสาธารณะ","ordinal","3","3. ≤4 เที่ยว/วัน",3,2,3.28
"พื้นที่สูง",2567,6,"ขนส่งสาธารณะ","ordinal","4","4. ≤6 เที่ยว/วัน",1,2,3.28
"พื้นที่สูง",2567,6,"ขนส่งสาธารณะ","ordinal","5","5. >6 เที่ยว/วัน",1,4,6.56
"พื้นที่สูง",2567,6,"ขนส่งสาธารณะ","ordinal","blank","(ไม่ได้กรอก)",,10,16.39
"พื้นที่สูง",2569,6,"ขนส่งสาธารณะ","ordinal","1","1. ไม่มีรถประจำทาง",5,31,42.47
"พื้นที่สูง",2569,6,"ขนส่งสาธารณะ","ordinal","2","2. ≤2 เที่ยว/วัน",4,5,6.85
"พื้นที่สูง",2569,6,"ขนส่งสาธารณะ","ordinal","3","3. ≤4 เที่ยว/วัน",3,0,0
"พื้นที่สูง",2569,6,"ขนส่งสาธารณะ","ordinal","4","4. ≤6 เที่ยว/วัน",1,3,4.11
"พื้นที่สูง",2569,6,"ขนส่งสาธารณะ","ordinal","5","5. >6 เที่ยว/วัน",1,7,9.59
"พื้นที่สูง",2569,6,"ขนส่งสาธารณะ","ordinal","blank","(ไม่ได้กรอก)",,27,36.99
"พื้นที่สูง",2565,7,"แหล่งน้ำ","multiset","1","1. ต่อจากแหล่งน้ำธรรมชาติ (ประปาภูเขา/ลำธาร)",6,979,60.32
"พื้นที่สูง",2565,7,"แหล่งน้ำ","multiset","2","2. สูบจากบ่อ/สระ/บาดาลของชุมชน",5,218,13.43
"พื้นที่สูง",2565,7,"แหล่งน้ำ","multiset","3","3. สูบจากบ่อ/สระ/บาดาลของโรงเรียน",4,446,27.48
"พื้นที่สูง",2565,7,"แหล่งน้ำ","multiset","4","4. ประปาหมู่บ้าน/ชุมชน",3,229,14.11
"พื้นที่สูง",2565,7,"แหล่งน้ำ","multiset","5","5. ประปา อปท.",2,61,3.76
"พื้นที่สูง",2565,7,"แหล่งน้ำ","multiset","6","6. ประปาส่วนภูมิภาค",1,71,4.37
"พื้นที่สูง",2565,7,"แหล่งน้ำ","multiset","blank","(ไม่ได้กรอก)",,26,1.6
"พื้นที่สูง",2566,7,"แหล่งน้ำ","multiset","1","1. ต่อจากแหล่งน้ำธรรมชาติ (ประปาภูเขา/ลำธาร)",6,82,35.96
"พื้นที่สูง",2566,7,"แหล่งน้ำ","multiset","2","2. สูบจากบ่อ/สระ/บาดาลของชุมชน",5,45,19.74
"พื้นที่สูง",2566,7,"แหล่งน้ำ","multiset","3","3. สูบจากบ่อ/สระ/บาดาลของโรงเรียน",4,66,28.95
"พื้นที่สูง",2566,7,"แหล่งน้ำ","multiset","4","4. ประปาหมู่บ้าน/ชุมชน",3,52,22.81
"พื้นที่สูง",2566,7,"แหล่งน้ำ","multiset","5","5. ประปา อปท.",2,15,6.58
"พื้นที่สูง",2566,7,"แหล่งน้ำ","multiset","6","6. ประปาส่วนภูมิภาค",1,17,7.46
"พื้นที่สูง",2566,7,"แหล่งน้ำ","multiset","blank","(ไม่ได้กรอก)",,12,5.26
"พื้นที่สูง",2567,7,"แหล่งน้ำ","multiset","1","1. ต่อจากแหล่งน้ำธรรมชาติ (ประปาภูเขา/ลำธาร)",6,9,14.75
"พื้นที่สูง",2567,7,"แหล่งน้ำ","multiset","2","2. สูบจากบ่อ/สระ/บาดาลของชุมชน",5,13,21.31
"พื้นที่สูง",2567,7,"แหล่งน้ำ","multiset","3","3. สูบจากบ่อ/สระ/บาดาลของโรงเรียน",4,21,34.43
"พื้นที่สูง",2567,7,"แหล่งน้ำ","multiset","4","4. ประปาหมู่บ้าน/ชุมชน",3,17,27.87
"พื้นที่สูง",2567,7,"แหล่งน้ำ","multiset","5","5. ประปา อปท.",2,6,9.84
"พื้นที่สูง",2567,7,"แหล่งน้ำ","multiset","6","6. ประปาส่วนภูมิภาค",1,6,9.84
"พื้นที่สูง",2567,7,"แหล่งน้ำ","multiset","blank","(ไม่ได้กรอก)",,9,14.75
"พื้นที่สูง",2569,7,"แหล่งน้ำ","multiset","1","1. ต่อจากแหล่งน้ำธรรมชาติ (ประปาภูเขา/ลำธาร)",6,16,21.92
"พื้นที่สูง",2569,7,"แหล่งน้ำ","multiset","2","2. สูบจากบ่อ/สระ/บาดาลของชุมชน",5,6,8.22
"พื้นที่สูง",2569,7,"แหล่งน้ำ","multiset","3","3. สูบจากบ่อ/สระ/บาดาลของโรงเรียน",4,22,30.14
"พื้นที่สูง",2569,7,"แหล่งน้ำ","multiset","4","4. ประปาหมู่บ้าน/ชุมชน",3,23,31.51
"พื้นที่สูง",2569,7,"แหล่งน้ำ","multiset","5","5. ประปา อปท.",2,2,2.74
"พื้นที่สูง",2569,7,"แหล่งน้ำ","multiset","6","6. ประปาส่วนภูมิภาค",1,3,4.11
"พื้นที่สูง",2569,7,"แหล่งน้ำ","multiset","blank","(ไม่ได้กรอก)",,27,36.99
"พื้นที่สูง",2565,8,"ไฟฟ้า","multiset","1","1. พลังงานทางเลือก (โซลาร์/ลม/น้ำ/เครื่องปั่นไฟ)",3,253,15.59
"พื้นที่สูง",2565,8,"ไฟฟ้า","multiset","2","2. ไฟฟ้าส่วนภูมิภาค",0,1441,88.79
"พื้นที่สูง",2565,8,"ไฟฟ้า","multiset","blank","(ไม่ได้กรอก)",,26,1.6
"พื้นที่สูง",2566,8,"ไฟฟ้า","multiset","1","1. พลังงานทางเลือก (โซลาร์/ลม/น้ำ/เครื่องปั่นไฟ)",3,11,4.82
"พื้นที่สูง",2566,8,"ไฟฟ้า","multiset","2","2. ไฟฟ้าส่วนภูมิภาค",0,213,93.42
"พื้นที่สูง",2566,8,"ไฟฟ้า","multiset","blank","(ไม่ได้กรอก)",,12,5.26
"พื้นที่สูง",2567,8,"ไฟฟ้า","multiset","1","1. พลังงานทางเลือก (โซลาร์/ลม/น้ำ/เครื่องปั่นไฟ)",3,4,6.56
"พื้นที่สูง",2567,8,"ไฟฟ้า","multiset","2","2. ไฟฟ้าส่วนภูมิภาค",0,51,83.61
"พื้นที่สูง",2567,8,"ไฟฟ้า","multiset","blank","(ไม่ได้กรอก)",,9,14.75
"พื้นที่สูง",2569,8,"ไฟฟ้า","multiset","1","1. พลังงานทางเลือก (โซลาร์/ลม/น้ำ/เครื่องปั่นไฟ)",3,5,6.85
"พื้นที่สูง",2569,8,"ไฟฟ้า","multiset","2","2. ไฟฟ้าส่วนภูมิภาค",0,46,63.01
"พื้นที่สูง",2569,8,"ไฟฟ้า","multiset","blank","(ไม่ได้กรอก)",,27,36.99
"พื้นที่สูง",2565,9,"โทรศัพท์","multiset","1","1. ไม่มีเครือข่ายสัญญาณ",3,141,8.69
"พื้นที่สูง",2565,9,"โทรศัพท์","multiset","2","2. ผ่านจานดาวเทียม",2,49,3.02
"พื้นที่สูง",2565,9,"โทรศัพท์","multiset","3","3. โทรศัพท์เคลื่อนที่",1,1320,81.33
"พื้นที่สูง",2565,9,"โทรศัพท์","multiset","4","4. โทรศัพท์พื้นฐาน",0,314,19.35
"พื้นที่สูง",2565,9,"โทรศัพท์","multiset","blank","(ไม่ได้กรอก)",,26,1.6
"พื้นที่สูง",2566,9,"โทรศัพท์","multiset","1","1. ไม่มีเครือข่ายสัญญาณ",3,8,3.51
"พื้นที่สูง",2566,9,"โทรศัพท์","multiset","2","2. ผ่านจานดาวเทียม",2,8,3.51
"พื้นที่สูง",2566,9,"โทรศัพท์","multiset","3","3. โทรศัพท์เคลื่อนที่",1,193,84.65
"พื้นที่สูง",2566,9,"โทรศัพท์","multiset","4","4. โทรศัพท์พื้นฐาน",0,46,20.18
"พื้นที่สูง",2566,9,"โทรศัพท์","multiset","blank","(ไม่ได้กรอก)",,12,5.26
"พื้นที่สูง",2567,9,"โทรศัพท์","multiset","1","1. ไม่มีเครือข่ายสัญญาณ",3,4,6.56
"พื้นที่สูง",2567,9,"โทรศัพท์","multiset","2","2. ผ่านจานดาวเทียม",2,1,1.64
"พื้นที่สูง",2567,9,"โทรศัพท์","multiset","3","3. โทรศัพท์เคลื่อนที่",1,45,73.77
"พื้นที่สูง",2567,9,"โทรศัพท์","multiset","4","4. โทรศัพท์พื้นฐาน",0,17,27.87
"พื้นที่สูง",2567,9,"โทรศัพท์","multiset","blank","(ไม่ได้กรอก)",,9,14.75
"พื้นที่สูง",2569,9,"โทรศัพท์","multiset","1","1. ไม่มีเครือข่ายสัญญาณ",3,2,2.74
"พื้นที่สูง",2569,9,"โทรศัพท์","multiset","2","2. ผ่านจานดาวเทียม",2,0,0
"พื้นที่สูง",2569,9,"โทรศัพท์","multiset","3","3. โทรศัพท์เคลื่อนที่",1,42,57.53
"พื้นที่สูง",2569,9,"โทรศัพท์","multiset","4","4. โทรศัพท์พื้นฐาน",0,6,8.22
"พื้นที่สูง",2569,9,"โทรศัพท์","multiset","blank","(ไม่ได้กรอก)",,28,38.36
"พื้นที่สูง",2565,10,"อินเทอร์เน็ต","multiset","1","1. ไม่มีเครือข่าย Internet",3,78,4.81
"พื้นที่สูง",2565,10,"อินเทอร์เน็ต","multiset","2","2. จานรับสัญญาณดาวเทียม",2,118,7.27
"พื้นที่สูง",2565,10,"อินเทอร์เน็ต","multiset","3","3. ไร้สาย (มือถือ)",1,630,38.82
"พื้นที่สูง",2565,10,"อินเทอร์เน็ต","multiset","4","4. Leased line / Fiber",0,1237,76.22
"พื้นที่สูง",2565,10,"อินเทอร์เน็ต","multiset","blank","(ไม่ได้กรอก)",,26,1.6
"พื้นที่สูง",2566,10,"อินเทอร์เน็ต","multiset","1","1. ไม่มีเครือข่าย Internet",3,1,0.44
"พื้นที่สูง",2566,10,"อินเทอร์เน็ต","multiset","2","2. จานรับสัญญาณดาวเทียม",2,11,4.82
"พื้นที่สูง",2566,10,"อินเทอร์เน็ต","multiset","3","3. ไร้สาย (มือถือ)",1,69,30.26
"พื้นที่สูง",2566,10,"อินเทอร์เน็ต","multiset","4","4. Leased line / Fiber",0,192,84.21
"พื้นที่สูง",2566,10,"อินเทอร์เน็ต","multiset","blank","(ไม่ได้กรอก)",,12,5.26
"พื้นที่สูง",2567,10,"อินเทอร์เน็ต","multiset","1","1. ไม่มีเครือข่าย Internet",3,2,3.28
"พื้นที่สูง",2567,10,"อินเทอร์เน็ต","multiset","2","2. จานรับสัญญาณดาวเทียม",2,1,1.64
"พื้นที่สูง",2567,10,"อินเทอร์เน็ต","multiset","3","3. ไร้สาย (มือถือ)",1,23,37.7
"พื้นที่สูง",2567,10,"อินเทอร์เน็ต","multiset","4","4. Leased line / Fiber",0,45,73.77
"พื้นที่สูง",2567,10,"อินเทอร์เน็ต","multiset","blank","(ไม่ได้กรอก)",,9,14.75
"พื้นที่สูง",2569,10,"อินเทอร์เน็ต","multiset","1","1. ไม่มีเครือข่าย Internet",3,1,1.37
"พื้นที่สูง",2569,10,"อินเทอร์เน็ต","multiset","2","2. จานรับสัญญาณดาวเทียม",2,1,1.37
"พื้นที่สูง",2569,10,"อินเทอร์เน็ต","multiset","3","3. ไร้สาย (มือถือ)",1,17,23.29
"พื้นที่สูง",2569,10,"อินเทอร์เน็ต","multiset","4","4. Leased line / Fiber",0,42,57.53
"พื้นที่สูง",2569,10,"อินเทอร์เน็ต","multiset","blank","(ไม่ได้กรอก)",,27,36.99
"พื้นที่สูง",2565,11,"% ชาติพันธุ์","percent","0%","0%",,310,19.1
"พื้นที่สูง",2565,11,"% ชาติพันธุ์","percent","0.01–24.99%","0.01–24.99%",,159,9.8
"พื้นที่สูง",2565,11,"% ชาติพันธุ์","percent","25–49.99%","25–49.99%",,124,7.64
"พื้นที่สูง",2565,11,"% ชาติพันธุ์","percent","50–74.99%","50–74.99%",,135,8.32
"พื้นที่สูง",2565,11,"% ชาติพันธุ์","percent","75–99.99%","75–99.99%",,222,13.68
"พื้นที่สูง",2565,11,"% ชาติพันธุ์","percent","100%","100%",,673,41.47
"พื้นที่สูง",2566,11,"% ชาติพันธุ์","percent","0%","0%",,125,54.82
"พื้นที่สูง",2566,11,"% ชาติพันธุ์","percent","0.01–24.99%","0.01–24.99%",,31,13.6
"พื้นที่สูง",2566,11,"% ชาติพันธุ์","percent","25–49.99%","25–49.99%",,19,8.33
"พื้นที่สูง",2566,11,"% ชาติพันธุ์","percent","50–74.99%","50–74.99%",,13,5.7
"พื้นที่สูง",2566,11,"% ชาติพันธุ์","percent","75–99.99%","75–99.99%",,14,6.14
"พื้นที่สูง",2566,11,"% ชาติพันธุ์","percent","100%","100%",,26,11.4
"พื้นที่สูง",2567,11,"% ชาติพันธุ์","percent","0%","0%",,35,57.38
"พื้นที่สูง",2567,11,"% ชาติพันธุ์","percent","0.01–24.99%","0.01–24.99%",,12,19.67
"พื้นที่สูง",2567,11,"% ชาติพันธุ์","percent","25–49.99%","25–49.99%",,4,6.56
"พื้นที่สูง",2567,11,"% ชาติพันธุ์","percent","50–74.99%","50–74.99%",,1,1.64
"พื้นที่สูง",2567,11,"% ชาติพันธุ์","percent","75–99.99%","75–99.99%",,4,6.56
"พื้นที่สูง",2567,11,"% ชาติพันธุ์","percent","100%","100%",,5,8.2
"พื้นที่สูง",2569,11,"% ชาติพันธุ์","percent","0%","0%",,50,68.49
"พื้นที่สูง",2569,11,"% ชาติพันธุ์","percent","0.01–24.99%","0.01–24.99%",,15,20.55
"พื้นที่สูง",2569,11,"% ชาติพันธุ์","percent","25–49.99%","25–49.99%",,3,4.11
"พื้นที่สูง",2569,11,"% ชาติพันธุ์","percent","50–74.99%","50–74.99%",,2,2.74
"พื้นที่สูง",2569,11,"% ชาติพันธุ์","percent","75–99.99%","75–99.99%",,0,0
"พื้นที่สูง",2569,11,"% ชาติพันธุ์","percent","100%","100%",,3,4.11
"พื้นที่สูง",2565,12,"จำนวนกลุ่มชาติพันธุ์","count","0 กลุ่ม","0 กลุ่ม",,309,19.04
"พื้นที่สูง",2565,12,"จำนวนกลุ่มชาติพันธุ์","count","1 กลุ่ม","1 กลุ่ม",,538,33.15
"พื้นที่สูง",2565,12,"จำนวนกลุ่มชาติพันธุ์","count","2 กลุ่ม","2 กลุ่ม",,276,17.01
"พื้นที่สูง",2565,12,"จำนวนกลุ่มชาติพันธุ์","count","3 กลุ่ม","3 กลุ่ม",,216,13.31
"พื้นที่สูง",2565,12,"จำนวนกลุ่มชาติพันธุ์","count","4 กลุ่ม","4 กลุ่ม",,144,8.87
"พื้นที่สูง",2565,12,"จำนวนกลุ่มชาติพันธุ์","count","≥ 5 กลุ่ม","≥ 5 กลุ่ม",,140,8.63
"พื้นที่สูง",2566,12,"จำนวนกลุ่มชาติพันธุ์","count","0 กลุ่ม","0 กลุ่ม",,125,54.82
"พื้นที่สูง",2566,12,"จำนวนกลุ่มชาติพันธุ์","count","1 กลุ่ม","1 กลุ่ม",,41,17.98
"พื้นที่สูง",2566,12,"จำนวนกลุ่มชาติพันธุ์","count","2 กลุ่ม","2 กลุ่ม",,22,9.65
"พื้นที่สูง",2566,12,"จำนวนกลุ่มชาติพันธุ์","count","3 กลุ่ม","3 กลุ่ม",,17,7.46
"พื้นที่สูง",2566,12,"จำนวนกลุ่มชาติพันธุ์","count","4 กลุ่ม","4 กลุ่ม",,7,3.07
"พื้นที่สูง",2566,12,"จำนวนกลุ่มชาติพันธุ์","count","≥ 5 กลุ่ม","≥ 5 กลุ่ม",,16,7.02
"พื้นที่สูง",2567,12,"จำนวนกลุ่มชาติพันธุ์","count","0 กลุ่ม","0 กลุ่ม",,35,57.38
"พื้นที่สูง",2567,12,"จำนวนกลุ่มชาติพันธุ์","count","1 กลุ่ม","1 กลุ่ม",,11,18.03
"พื้นที่สูง",2567,12,"จำนวนกลุ่มชาติพันธุ์","count","2 กลุ่ม","2 กลุ่ม",,5,8.2
"พื้นที่สูง",2567,12,"จำนวนกลุ่มชาติพันธุ์","count","3 กลุ่ม","3 กลุ่ม",,2,3.28
"พื้นที่สูง",2567,12,"จำนวนกลุ่มชาติพันธุ์","count","4 กลุ่ม","4 กลุ่ม",,3,4.92
"พื้นที่สูง",2567,12,"จำนวนกลุ่มชาติพันธุ์","count","≥ 5 กลุ่ม","≥ 5 กลุ่ม",,5,8.2
"พื้นที่สูง",2569,12,"จำนวนกลุ่มชาติพันธุ์","count","0 กลุ่ม","0 กลุ่ม",,50,68.49
"พื้นที่สูง",2569,12,"จำนวนกลุ่มชาติพันธุ์","count","1 กลุ่ม","1 กลุ่ม",,13,17.81
"พื้นที่สูง",2569,12,"จำนวนกลุ่มชาติพันธุ์","count","2 กลุ่ม","2 กลุ่ม",,6,8.22
"พื้นที่สูง",2569,12,"จำนวนกลุ่มชาติพันธุ์","count","3 กลุ่ม","3 กลุ่ม",,3,4.11
"พื้นที่สูง",2569,12,"จำนวนกลุ่มชาติพันธุ์","count","4 กลุ่ม","4 กลุ่ม",,1,1.37
"พื้นที่สูง",2569,12,"จำนวนกลุ่มชาติพันธุ์","count","≥ 5 กลุ่ม","≥ 5 กลุ่ม",,0,0
"พื้นที่สูง",2565,13,"นักเรียนยากจน","count","0 คน","0 คน",,150,9.24
"พื้นที่สูง",2565,13,"นักเรียนยากจน","count","1–20","1–20",,229,14.11
"พื้นที่สูง",2565,13,"นักเรียนยากจน","count","21–50","21–50",,356,21.93
"พื้นที่สูง",2565,13,"นักเรียนยากจน","count","51–100","51–100",,387,23.84
"พื้นที่สูง",2565,13,"นักเรียนยากจน","count","101–200","101–200",,326,20.09
"พื้นที่สูง",2565,13,"นักเรียนยากจน","count","≥ 201","≥ 201",,175,10.78
"พื้นที่สูง",2566,13,"นักเรียนยากจน","count","0 คน","0 คน",,42,18.42
"พื้นที่สูง",2566,13,"นักเรียนยากจน","count","1–20","1–20",,60,26.32
"พื้นที่สูง",2566,13,"นักเรียนยากจน","count","21–50","21–50",,63,27.63
"พื้นที่สูง",2566,13,"นักเรียนยากจน","count","51–100","51–100",,33,14.47
"พื้นที่สูง",2566,13,"นักเรียนยากจน","count","101–200","101–200",,20,8.77
"พื้นที่สูง",2566,13,"นักเรียนยากจน","count","≥ 201","≥ 201",,10,4.39
"พื้นที่สูง",2567,13,"นักเรียนยากจน","count","0 คน","0 คน",,20,32.79
"พื้นที่สูง",2567,13,"นักเรียนยากจน","count","1–20","1–20",,13,21.31
"พื้นที่สูง",2567,13,"นักเรียนยากจน","count","21–50","21–50",,17,27.87
"พื้นที่สูง",2567,13,"นักเรียนยากจน","count","51–100","51–100",,6,9.84
"พื้นที่สูง",2567,13,"นักเรียนยากจน","count","101–200","101–200",,3,4.92
"พื้นที่สูง",2567,13,"นักเรียนยากจน","count","≥ 201","≥ 201",,2,3.28
"พื้นที่สูง",2569,13,"นักเรียนยากจน","count","0 คน","0 คน",,29,39.73
"พื้นที่สูง",2569,13,"นักเรียนยากจน","count","1–20","1–20",,20,27.4
"พื้นที่สูง",2569,13,"นักเรียนยากจน","count","21–50","21–50",,16,21.92
"พื้นที่สูง",2569,13,"นักเรียนยากจน","count","51–100","51–100",,2,2.74
"พื้นที่สูง",2569,13,"นักเรียนยากจน","count","101–200","101–200",,5,6.85
"พื้นที่สูง",2569,13,"นักเรียนยากจน","count","≥ 201","≥ 201",,1,1.37
"พื้นที่สูง",2565,14,"นักเรียนพักนอน","count","0 คน","0 คน",,1179,72.64
"พื้นที่สูง",2565,14,"นักเรียนพักนอน","count","1–10","1–10",,75,4.62
"พื้นที่สูง",2565,14,"นักเรียนพักนอน","count","11–30","11–30",,141,8.69
"พื้นที่สูง",2565,14,"นักเรียนพักนอน","count","31–50","31–50",,90,5.55
"พื้นที่สูง",2565,14,"นักเรียนพักนอน","count","≥ 51","≥ 51",,138,8.5
"พื้นที่สูง",2566,14,"นักเรียนพักนอน","count","0 คน","0 คน",,202,88.6
"พื้นที่สูง",2566,14,"นักเรียนพักนอน","count","1–10","1–10",,2,0.88
"พื้นที่สูง",2566,14,"นักเรียนพักนอน","count","11–30","11–30",,5,2.19
"พื้นที่สูง",2566,14,"นักเรียนพักนอน","count","31–50","31–50",,2,0.88
"พื้นที่สูง",2566,14,"นักเรียนพักนอน","count","≥ 51","≥ 51",,17,7.46
"พื้นที่สูง",2567,14,"นักเรียนพักนอน","count","0 คน","0 คน",,56,91.8
"พื้นที่สูง",2567,14,"นักเรียนพักนอน","count","1–10","1–10",,0,0
"พื้นที่สูง",2567,14,"นักเรียนพักนอน","count","11–30","11–30",,2,3.28
"พื้นที่สูง",2567,14,"นักเรียนพักนอน","count","31–50","31–50",,1,1.64
"พื้นที่สูง",2567,14,"นักเรียนพักนอน","count","≥ 51","≥ 51",,2,3.28
"พื้นที่สูง",2569,14,"นักเรียนพักนอน","count","0 คน","0 คน",,72,98.63
"พื้นที่สูง",2569,14,"นักเรียนพักนอน","count","1–10","1–10",,0,0
"พื้นที่สูง",2569,14,"นักเรียนพักนอน","count","11–30","11–30",,1,1.37
"พื้นที่สูง",2569,14,"นักเรียนพักนอน","count","31–50","31–50",,0,0
"พื้นที่สูง",2569,14,"นักเรียนพักนอน","count","≥ 51","≥ 51",,0,0
"พื้นที่สูง",2565,15,"สาขา","count","ไม่มีสาขา","ไม่มีสาขา",,1492,91.93
"พื้นที่สูง",2565,15,"สาขา","count","1 แห่ง","1 แห่ง",,99,6.1
"พื้นที่สูง",2565,15,"สาขา","count","2 แห่ง","2 แห่ง",,12,0.74
"พื้นที่สูง",2565,15,"สาขา","count","≥ 3 แห่ง","≥ 3 แห่ง",,20,1.23
"พื้นที่สูง",2566,15,"สาขา","count","ไม่มีสาขา","ไม่มีสาขา",,225,98.68
"พื้นที่สูง",2566,15,"สาขา","count","1 แห่ง","1 แห่ง",,2,0.88
"พื้นที่สูง",2566,15,"สาขา","count","2 แห่ง","2 แห่ง",,0,0
"พื้นที่สูง",2566,15,"สาขา","count","≥ 3 แห่ง","≥ 3 แห่ง",,1,0.44
"พื้นที่สูง",2567,15,"สาขา","count","ไม่มีสาขา","ไม่มีสาขา",,60,98.36
"พื้นที่สูง",2567,15,"สาขา","count","1 แห่ง","1 แห่ง",,1,1.64
"พื้นที่สูง",2567,15,"สาขา","count","2 แห่ง","2 แห่ง",,0,0
"พื้นที่สูง",2567,15,"สาขา","count","≥ 3 แห่ง","≥ 3 แห่ง",,0,0
"พื้นที่สูง",2569,15,"สาขา","count","ไม่มีสาขา","ไม่มีสาขา",,72,98.63
"พื้นที่สูง",2569,15,"สาขา","count","1 แห่ง","1 แห่ง",,1,1.37
"พื้นที่สูง",2569,15,"สาขา","count","2 แห่ง","2 แห่ง",,0,0
"พื้นที่สูง",2569,15,"สาขา","count","≥ 3 แห่ง","≥ 3 แห่ง",,0,0
"พื้นที่สูง",2565,16,"ประกาศคลัง","binary","1","1. ใช่",5,540,33.27
"พื้นที่สูง",2565,16,"ประกาศคลัง","binary","2","2. ไม่ใช่",0,1029,63.4
"พื้นที่สูง",2565,16,"ประกาศคลัง","binary","blank","(ไม่ได้กรอก)",,54,3.33
"พื้นที่สูง",2566,16,"ประกาศคลัง","binary","1","1. ใช่",5,3,1.32
"พื้นที่สูง",2566,16,"ประกาศคลัง","binary","2","2. ไม่ใช่",0,202,88.6
"พื้นที่สูง",2566,16,"ประกาศคลัง","binary","blank","(ไม่ได้กรอก)",,23,10.09
"พื้นที่สูง",2567,16,"ประกาศคลัง","binary","1","1. ใช่",5,2,3.28
"พื้นที่สูง",2567,16,"ประกาศคลัง","binary","2","2. ไม่ใช่",0,46,75.41
"พื้นที่สูง",2567,16,"ประกาศคลัง","binary","blank","(ไม่ได้กรอก)",,13,21.31
"พื้นที่สูง",2569,16,"ประกาศคลัง","binary","1","1. ใช่",5,4,5.48
"พื้นที่สูง",2569,16,"ประกาศคลัง","binary","2","2. ไม่ใช่",0,42,57.53
"พื้นที่สูง",2569,16,"ประกาศคลัง","binary","blank","(ไม่ได้กรอก)",,27,36.99
"พื้นที่เกาะ",2565,1,"เป็นเกาะ","binary","1","1. ใช่",0,0,0
"พื้นที่เกาะ",2565,1,"เป็นเกาะ","binary","2","2. ไม่ใช่",0,0,0
"พื้นที่เกาะ",2566,1,"เป็นเกาะ","binary","1","1. ใช่",0,0,0
"พื้นที่เกาะ",2566,1,"เป็นเกาะ","binary","2","2. ไม่ใช่",0,0,0
"พื้นที่เกาะ",2568,1,"เป็นเกาะ","binary","1","1. ใช่",0,0,0
"พื้นที่เกาะ",2568,1,"เป็นเกาะ","binary","2","2. ไม่ใช่",0,0,0
"พื้นที่เกาะ",2569,1,"เป็นเกาะ","binary","1","1. ใช่",0,0,0
"พื้นที่เกาะ",2569,1,"เป็นเกาะ","binary","2","2. ไม่ใช่",0,0,0
"พื้นที่เกาะ",2565,2,"เขต อปท.","ordinal","1","1. อบต.",10,65,55.08
"พื้นที่เกาะ",2565,2,"เขต อปท.","ordinal","2","2. เทศบาลตำบล",8,32,27.12
"พื้นที่เกาะ",2565,2,"เขต อปท.","ordinal","3","3. เทศบาลเมือง",6,1,0.85
"พื้นที่เกาะ",2565,2,"เขต อปท.","ordinal","4","4. เทศบาลนคร",4,20,16.95
"พื้นที่เกาะ",2566,2,"เขต อปท.","ordinal","1","1. อบต.",10,3,75
"พื้นที่เกาะ",2566,2,"เขต อปท.","ordinal","2","2. เทศบาลตำบล",8,0,0
"พื้นที่เกาะ",2566,2,"เขต อปท.","ordinal","3","3. เทศบาลเมือง",6,0,0
"พื้นที่เกาะ",2566,2,"เขต อปท.","ordinal","4","4. เทศบาลนคร",4,1,25
"พื้นที่เกาะ",2568,2,"เขต อปท.","ordinal","1","1. อบต.",10,4,100
"พื้นที่เกาะ",2568,2,"เขต อปท.","ordinal","2","2. เทศบาลตำบล",8,0,0
"พื้นที่เกาะ",2568,2,"เขต อปท.","ordinal","3","3. เทศบาลเมือง",6,0,0
"พื้นที่เกาะ",2568,2,"เขต อปท.","ordinal","4","4. เทศบาลนคร",4,0,0
"พื้นที่เกาะ",2569,2,"เขต อปท.","ordinal","1","1. อบต.",10,0,0
"พื้นที่เกาะ",2569,2,"เขต อปท.","ordinal","2","2. เทศบาลตำบล",8,2,50
"พื้นที่เกาะ",2569,2,"เขต อปท.","ordinal","3","3. เทศบาลเมือง",6,0,0
"พื้นที่เกาะ",2569,2,"เขต อปท.","ordinal","4","4. เทศบาลนคร",4,1,25
"พื้นที่เกาะ",2569,2,"เขต อปท.","ordinal","blank","(ไม่ได้กรอก)",,1,25
"พื้นที่เกาะ",2565,3,"ลักษณะที่ตั้ง","binary","1","1. ไม่มีสะพาน — ไปได้ทางเรือเท่านั้น",16,117,99.15
"พื้นที่เกาะ",2565,3,"ลักษณะที่ตั้ง","binary","2","2. มีสะพาน / ไปได้ทั้งทางบกและน้ำ",0,1,0.85
"พื้นที่เกาะ",2566,3,"ลักษณะที่ตั้ง","binary","1","1. ไม่มีสะพาน — ไปได้ทางเรือเท่านั้น",16,4,100
"พื้นที่เกาะ",2566,3,"ลักษณะที่ตั้ง","binary","2","2. มีสะพาน / ไปได้ทั้งทางบกและน้ำ",0,0,0
"พื้นที่เกาะ",2568,3,"ลักษณะที่ตั้ง","binary","1","1. ไม่มีสะพาน — ไปได้ทางเรือเท่านั้น",16,4,100
"พื้นที่เกาะ",2568,3,"ลักษณะที่ตั้ง","binary","2","2. มีสะพาน / ไปได้ทั้งทางบกและน้ำ",0,0,0
"พื้นที่เกาะ",2569,3,"ลักษณะที่ตั้ง","binary","1","1. ไม่มีสะพาน — ไปได้ทางเรือเท่านั้น",16,3,75
"พื้นที่เกาะ",2569,3,"ลักษณะที่ตั้ง","binary","2","2. มีสะพาน / ไปได้ทั้งทางบกและน้ำ",0,0,0
"พื้นที่เกาะ",2569,3,"ลักษณะที่ตั้ง","binary","blank","(ไม่ได้กรอก)",,1,25
"พื้นที่เกาะ",2565,4,"พาหนะหลัก","ordinal","1","1. เรือไม่ประจำทาง",20,21,17.8
"พื้นที่เกาะ",2565,4,"พาหนะหลัก","ordinal","2","2. เรือประจำทาง ไม่ตลอดปี",15,38,32.2
"พื้นที่เกาะ",2565,4,"พาหนะหลัก","ordinal","3","3. เรือประจำทาง ตลอดปี",10,16,13.56
"พื้นที่เกาะ",2565,4,"พาหนะหลัก","ordinal","4","4. เรือเฟอร์รี่/แพขนานยนต์",5,43,36.44
"พื้นที่เกาะ",2565,4,"พาหนะหลัก","ordinal","5","5. ใช้รถเป็นหลัก",0,0,0
"พื้นที่เกาะ",2566,4,"พาหนะหลัก","ordinal","1","1. เรือไม่ประจำทาง",20,3,75
"พื้นที่เกาะ",2566,4,"พาหนะหลัก","ordinal","2","2. เรือประจำทาง ไม่ตลอดปี",15,0,0
"พื้นที่เกาะ",2566,4,"พาหนะหลัก","ordinal","3","3. เรือประจำทาง ตลอดปี",10,0,0
"พื้นที่เกาะ",2566,4,"พาหนะหลัก","ordinal","4","4. เรือเฟอร์รี่/แพขนานยนต์",5,1,25
"พื้นที่เกาะ",2566,4,"พาหนะหลัก","ordinal","5","5. ใช้รถเป็นหลัก",0,0,0
"พื้นที่เกาะ",2568,4,"พาหนะหลัก","ordinal","1","1. เรือไม่ประจำทาง",20,2,50
"พื้นที่เกาะ",2568,4,"พาหนะหลัก","ordinal","2","2. เรือประจำทาง ไม่ตลอดปี",15,2,50
"พื้นที่เกาะ",2568,4,"พาหนะหลัก","ordinal","3","3. เรือประจำทาง ตลอดปี",10,0,0
"พื้นที่เกาะ",2568,4,"พาหนะหลัก","ordinal","4","4. เรือเฟอร์รี่/แพขนานยนต์",5,0,0
"พื้นที่เกาะ",2568,4,"พาหนะหลัก","ordinal","5","5. ใช้รถเป็นหลัก",0,0,0
"พื้นที่เกาะ",2569,4,"พาหนะหลัก","ordinal","1","1. เรือไม่ประจำทาง",20,0,0
"พื้นที่เกาะ",2569,4,"พาหนะหลัก","ordinal","2","2. เรือประจำทาง ไม่ตลอดปี",15,0,0
"พื้นที่เกาะ",2569,4,"พาหนะหลัก","ordinal","3","3. เรือประจำทาง ตลอดปี",10,1,25
"พื้นที่เกาะ",2569,4,"พาหนะหลัก","ordinal","4","4. เรือเฟอร์รี่/แพขนานยนต์",5,2,50
"พื้นที่เกาะ",2569,4,"พาหนะหลัก","ordinal","5","5. ใช้รถเป็นหลัก",0,0,0
"พื้นที่เกาะ",2569,4,"พาหนะหลัก","ordinal","blank","(ไม่ได้กรอก)",,1,25
"พื้นที่เกาะ",2565,5,"ระยะทางบก","continuous","0","0",,0,0
"พื้นที่เกาะ",2565,5,"ระยะทางบก","continuous","0.01–4.99","0.01–4.99",,2,1.69
"พื้นที่เกาะ",2565,5,"ระยะทางบก","continuous","5–9.99","5–9.99",,6,5.08
"พื้นที่เกาะ",2565,5,"ระยะทางบก","continuous","10–19.99","10–19.99",,18,15.25
"พื้นที่เกาะ",2565,5,"ระยะทางบก","continuous","≥ 20","≥ 20",,92,77.97
"พื้นที่เกาะ",2566,5,"ระยะทางบก","continuous","0","0",,0,0
"พื้นที่เกาะ",2566,5,"ระยะทางบก","continuous","0.01–4.99","0.01–4.99",,2,50
"พื้นที่เกาะ",2566,5,"ระยะทางบก","continuous","5–9.99","5–9.99",,1,25
"พื้นที่เกาะ",2566,5,"ระยะทางบก","continuous","10–19.99","10–19.99",,0,0
"พื้นที่เกาะ",2566,5,"ระยะทางบก","continuous","≥ 20","≥ 20",,1,25
"พื้นที่เกาะ",2568,5,"ระยะทางบก","continuous","0","0",,0,0
"พื้นที่เกาะ",2568,5,"ระยะทางบก","continuous","0.01–4.99","0.01–4.99",,0,0
"พื้นที่เกาะ",2568,5,"ระยะทางบก","continuous","5–9.99","5–9.99",,0,0
"พื้นที่เกาะ",2568,5,"ระยะทางบก","continuous","10–19.99","10–19.99",,3,75
"พื้นที่เกาะ",2568,5,"ระยะทางบก","continuous","≥ 20","≥ 20",,1,25
"พื้นที่เกาะ",2569,5,"ระยะทางบก","continuous","0","0",,1,25
"พื้นที่เกาะ",2569,5,"ระยะทางบก","continuous","0.01–4.99","0.01–4.99",,0,0
"พื้นที่เกาะ",2569,5,"ระยะทางบก","continuous","5–9.99","5–9.99",,0,0
"พื้นที่เกาะ",2569,5,"ระยะทางบก","continuous","10–19.99","10–19.99",,0,0
"พื้นที่เกาะ",2569,5,"ระยะทางบก","continuous","≥ 20","≥ 20",,3,75
"พื้นที่เกาะ",2565,6,"ระยะทางน้ำ","continuous","0","0",,1,0.85
"พื้นที่เกาะ",2565,6,"ระยะทางน้ำ","continuous","0.01–4.99","0.01–4.99",,34,28.81
"พื้นที่เกาะ",2565,6,"ระยะทางน้ำ","continuous","5–9.99","5–9.99",,25,21.19
"พื้นที่เกาะ",2565,6,"ระยะทางน้ำ","continuous","10–19.99","10–19.99",,6,5.08
"พื้นที่เกาะ",2565,6,"ระยะทางน้ำ","continuous","≥ 20","≥ 20",,52,44.07
"พื้นที่เกาะ",2566,6,"ระยะทางน้ำ","continuous","0","0",,0,0
"พื้นที่เกาะ",2566,6,"ระยะทางน้ำ","continuous","0.01–4.99","0.01–4.99",,3,75
"พื้นที่เกาะ",2566,6,"ระยะทางน้ำ","continuous","5–9.99","5–9.99",,0,0
"พื้นที่เกาะ",2566,6,"ระยะทางน้ำ","continuous","10–19.99","10–19.99",,0,0
"พื้นที่เกาะ",2566,6,"ระยะทางน้ำ","continuous","≥ 20","≥ 20",,1,25
"พื้นที่เกาะ",2568,6,"ระยะทางน้ำ","continuous","0","0",,0,0
"พื้นที่เกาะ",2568,6,"ระยะทางน้ำ","continuous","0.01–4.99","0.01–4.99",,0,0
"พื้นที่เกาะ",2568,6,"ระยะทางน้ำ","continuous","5–9.99","5–9.99",,1,25
"พื้นที่เกาะ",2568,6,"ระยะทางน้ำ","continuous","10–19.99","10–19.99",,2,50
"พื้นที่เกาะ",2568,6,"ระยะทางน้ำ","continuous","≥ 20","≥ 20",,1,25
"พื้นที่เกาะ",2569,6,"ระยะทางน้ำ","continuous","0","0",,1,25
"พื้นที่เกาะ",2569,6,"ระยะทางน้ำ","continuous","0.01–4.99","0.01–4.99",,0,0
"พื้นที่เกาะ",2569,6,"ระยะทางน้ำ","continuous","5–9.99","5–9.99",,0,0
"พื้นที่เกาะ",2569,6,"ระยะทางน้ำ","continuous","10–19.99","10–19.99",,0,0
"พื้นที่เกาะ",2569,6,"ระยะทางน้ำ","continuous","≥ 20","≥ 20",,3,75
"พื้นที่เกาะ",2565,7,"เวลาเดินทาง","continuous","0","0",,1,0.85
"พื้นที่เกาะ",2565,7,"เวลาเดินทาง","continuous","1–29","1–29",,38,32.2
"พื้นที่เกาะ",2565,7,"เวลาเดินทาง","continuous","30–59","30–59",,38,32.2
"พื้นที่เกาะ",2565,7,"เวลาเดินทาง","continuous","60–89","60–89",,8,6.78
"พื้นที่เกาะ",2565,7,"เวลาเดินทาง","continuous","≥ 90","≥ 90",,33,27.97
"พื้นที่เกาะ",2566,7,"เวลาเดินทาง","continuous","0","0",,0,0
"พื้นที่เกาะ",2566,7,"เวลาเดินทาง","continuous","1–29","1–29",,3,75
"พื้นที่เกาะ",2566,7,"เวลาเดินทาง","continuous","30–59","30–59",,0,0
"พื้นที่เกาะ",2566,7,"เวลาเดินทาง","continuous","60–89","60–89",,0,0
"พื้นที่เกาะ",2566,7,"เวลาเดินทาง","continuous","≥ 90","≥ 90",,1,25
"พื้นที่เกาะ",2568,7,"เวลาเดินทาง","continuous","0","0",,0,0
"พื้นที่เกาะ",2568,7,"เวลาเดินทาง","continuous","1–29","1–29",,0,0
"พื้นที่เกาะ",2568,7,"เวลาเดินทาง","continuous","30–59","30–59",,1,25
"พื้นที่เกาะ",2568,7,"เวลาเดินทาง","continuous","60–89","60–89",,3,75
"พื้นที่เกาะ",2568,7,"เวลาเดินทาง","continuous","≥ 90","≥ 90",,0,0
"พื้นที่เกาะ",2569,7,"เวลาเดินทาง","continuous","0","0",,1,25
"พื้นที่เกาะ",2569,7,"เวลาเดินทาง","continuous","1–29","1–29",,0,0
"พื้นที่เกาะ",2569,7,"เวลาเดินทาง","continuous","30–59","30–59",,0,0
"พื้นที่เกาะ",2569,7,"เวลาเดินทาง","continuous","60–89","60–89",,0,0
"พื้นที่เกาะ",2569,7,"เวลาเดินทาง","continuous","≥ 90","≥ 90",,3,75
"พื้นที่เกาะ",2565,8,"ค่าโดยสาร","continuous","0","0",,1,0.85
"พื้นที่เกาะ",2565,8,"ค่าโดยสาร","continuous","1–49","1–49",,16,13.56
"พื้นที่เกาะ",2565,8,"ค่าโดยสาร","continuous","50–99","50–99",,9,7.63
"พื้นที่เกาะ",2565,8,"ค่าโดยสาร","continuous","100–299","100–299",,32,27.12
"พื้นที่เกาะ",2565,8,"ค่าโดยสาร","continuous","300–499","300–499",,36,30.51
"พื้นที่เกาะ",2565,8,"ค่าโดยสาร","continuous","≥ 500","≥ 500",,24,20.34
"พื้นที่เกาะ",2566,8,"ค่าโดยสาร","continuous","0","0",,0,0
"พื้นที่เกาะ",2566,8,"ค่าโดยสาร","continuous","1–49","1–49",,0,0
"พื้นที่เกาะ",2566,8,"ค่าโดยสาร","continuous","50–99","50–99",,0,0
"พื้นที่เกาะ",2566,8,"ค่าโดยสาร","continuous","100–299","100–299",,3,75
"พื้นที่เกาะ",2566,8,"ค่าโดยสาร","continuous","300–499","300–499",,0,0
"พื้นที่เกาะ",2566,8,"ค่าโดยสาร","continuous","≥ 500","≥ 500",,1,25
"พื้นที่เกาะ",2568,8,"ค่าโดยสาร","continuous","0","0",,0,0
"พื้นที่เกาะ",2568,8,"ค่าโดยสาร","continuous","1–49","1–49",,0,0
"พื้นที่เกาะ",2568,8,"ค่าโดยสาร","continuous","50–99","50–99",,1,25
"พื้นที่เกาะ",2568,8,"ค่าโดยสาร","continuous","100–299","100–299",,2,50
"พื้นที่เกาะ",2568,8,"ค่าโดยสาร","continuous","300–499","300–499",,1,25
"พื้นที่เกาะ",2568,8,"ค่าโดยสาร","continuous","≥ 500","≥ 500",,0,0
"พื้นที่เกาะ",2569,8,"ค่าโดยสาร","continuous","0","0",,1,25
"พื้นที่เกาะ",2569,8,"ค่าโดยสาร","continuous","1–49","1–49",,0,0
"พื้นที่เกาะ",2569,8,"ค่าโดยสาร","continuous","50–99","50–99",,0,0
"พื้นที่เกาะ",2569,8,"ค่าโดยสาร","continuous","100–299","100–299",,0,0
"พื้นที่เกาะ",2569,8,"ค่าโดยสาร","continuous","300–499","300–499",,1,25
"พื้นที่เกาะ",2569,8,"ค่าโดยสาร","continuous","≥ 500","≥ 500",,2,50
"พื้นที่เกาะ",2565,9,"เดินทางต่อ","ordinal","1","1. ทางเรือแล้วต่อด้วยเดินเท้า",5,1,0.85
"พื้นที่เกาะ",2565,9,"เดินทางต่อ","ordinal","2","2. เดินเท้าเท่านั้น",4,13,11.02
"พื้นที่เกาะ",2565,9,"เดินทางต่อ","ordinal","3","3. รถบนทางลำลอง/ทางเท้า",3,4,3.39
"พื้นที่เกาะ",2565,9,"เดินทางต่อ","ordinal","4","4. รถบนทางลาดยาง/คอนกรีต",2,96,81.36
"พื้นที่เกาะ",2565,9,"เดินทางต่อ","ordinal","5","5. ไม่ต้องเดินทางต่อ",1,4,3.39
"พื้นที่เกาะ",2566,9,"เดินทางต่อ","ordinal","1","1. ทางเรือแล้วต่อด้วยเดินเท้า",5,0,0
"พื้นที่เกาะ",2566,9,"เดินทางต่อ","ordinal","2","2. เดินเท้าเท่านั้น",4,0,0
"พื้นที่เกาะ",2566,9,"เดินทางต่อ","ordinal","3","3. รถบนทางลำลอง/ทางเท้า",3,0,0
"พื้นที่เกาะ",2566,9,"เดินทางต่อ","ordinal","4","4. รถบนทางลาดยาง/คอนกรีต",2,4,100
"พื้นที่เกาะ",2566,9,"เดินทางต่อ","ordinal","5","5. ไม่ต้องเดินทางต่อ",1,0,0
"พื้นที่เกาะ",2568,9,"เดินทางต่อ","ordinal","1","1. ทางเรือแล้วต่อด้วยเดินเท้า",5,0,0
"พื้นที่เกาะ",2568,9,"เดินทางต่อ","ordinal","2","2. เดินเท้าเท่านั้น",4,1,25
"พื้นที่เกาะ",2568,9,"เดินทางต่อ","ordinal","3","3. รถบนทางลำลอง/ทางเท้า",3,1,25
"พื้นที่เกาะ",2568,9,"เดินทางต่อ","ordinal","4","4. รถบนทางลาดยาง/คอนกรีต",2,1,25
"พื้นที่เกาะ",2568,9,"เดินทางต่อ","ordinal","5","5. ไม่ต้องเดินทางต่อ",1,1,25
"พื้นที่เกาะ",2569,9,"เดินทางต่อ","ordinal","1","1. ทางเรือแล้วต่อด้วยเดินเท้า",5,0,0
"พื้นที่เกาะ",2569,9,"เดินทางต่อ","ordinal","2","2. เดินเท้าเท่านั้น",4,0,0
"พื้นที่เกาะ",2569,9,"เดินทางต่อ","ordinal","3","3. รถบนทางลำลอง/ทางเท้า",3,0,0
"พื้นที่เกาะ",2569,9,"เดินทางต่อ","ordinal","4","4. รถบนทางลาดยาง/คอนกรีต",2,3,75
"พื้นที่เกาะ",2569,9,"เดินทางต่อ","ordinal","5","5. ไม่ต้องเดินทางต่อ",1,0,0
"พื้นที่เกาะ",2569,9,"เดินทางต่อ","ordinal","blank","(ไม่ได้กรอก)",,1,25
"พื้นที่เกาะ",2565,10,"ไฟฟ้า","binary","1","1. พลังงานทางเลือกเท่านั้น",5,20,16.95
"พื้นที่เกาะ",2565,10,"ไฟฟ้า","binary","2","2. ไฟฟ้าส่วนภูมิภาค",0,98,83.05
"พื้นที่เกาะ",2566,10,"ไฟฟ้า","binary","1","1. พลังงานทางเลือกเท่านั้น",5,0,0
"พื้นที่เกาะ",2566,10,"ไฟฟ้า","binary","2","2. ไฟฟ้าส่วนภูมิภาค",0,4,100
"พื้นที่เกาะ",2568,10,"ไฟฟ้า","binary","1","1. พลังงานทางเลือกเท่านั้น",5,1,25
"พื้นที่เกาะ",2568,10,"ไฟฟ้า","binary","2","2. ไฟฟ้าส่วนภูมิภาค",0,3,75
"พื้นที่เกาะ",2569,10,"ไฟฟ้า","binary","1","1. พลังงานทางเลือกเท่านั้น",5,0,0
"พื้นที่เกาะ",2569,10,"ไฟฟ้า","binary","2","2. ไฟฟ้าส่วนภูมิภาค",0,3,75
"พื้นที่เกาะ",2569,10,"ไฟฟ้า","binary","blank","(ไม่ได้กรอก)",,1,25
"พื้นที่เกาะ",2565,11,"แหล่งน้ำ","ordinal","1","1. แหล่งน้ำธรรมชาติ",10,12,10.17
"พื้นที่เกาะ",2565,11,"แหล่งน้ำ","ordinal","2","2. บ่อ/สระ/บาดาลของชุมชน",8,26,22.03
"พื้นที่เกาะ",2565,11,"แหล่งน้ำ","ordinal","3","3. บ่อ/สระ/บาดาลของโรงเรียน",6,47,39.83
"พื้นที่เกาะ",2565,11,"แหล่งน้ำ","ordinal","4","4. ประปาหมู่บ้าน/ชุมชน",4,7,5.93
"พื้นที่เกาะ",2565,11,"แหล่งน้ำ","ordinal","5","5. ประปา อปท.",2,9,7.63
"พื้นที่เกาะ",2565,11,"แหล่งน้ำ","ordinal","6","6. ประปาส่วนภูมิภาค",0,17,14.41
"พื้นที่เกาะ",2566,11,"แหล่งน้ำ","ordinal","1","1. แหล่งน้ำธรรมชาติ",10,0,0
"พื้นที่เกาะ",2566,11,"แหล่งน้ำ","ordinal","2","2. บ่อ/สระ/บาดาลของชุมชน",8,0,0
"พื้นที่เกาะ",2566,11,"แหล่งน้ำ","ordinal","3","3. บ่อ/สระ/บาดาลของโรงเรียน",6,1,25
"พื้นที่เกาะ",2566,11,"แหล่งน้ำ","ordinal","4","4. ประปาหมู่บ้าน/ชุมชน",4,0,0
"พื้นที่เกาะ",2566,11,"แหล่งน้ำ","ordinal","5","5. ประปา อปท.",2,0,0
"พื้นที่เกาะ",2566,11,"แหล่งน้ำ","ordinal","6","6. ประปาส่วนภูมิภาค",0,3,75
"พื้นที่เกาะ",2568,11,"แหล่งน้ำ","ordinal","1","1. แหล่งน้ำธรรมชาติ",10,0,0
"พื้นที่เกาะ",2568,11,"แหล่งน้ำ","ordinal","2","2. บ่อ/สระ/บาดาลของชุมชน",8,2,50
"พื้นที่เกาะ",2568,11,"แหล่งน้ำ","ordinal","3","3. บ่อ/สระ/บาดาลของโรงเรียน",6,2,50
"พื้นที่เกาะ",2568,11,"แหล่งน้ำ","ordinal","4","4. ประปาหมู่บ้าน/ชุมชน",4,0,0
"พื้นที่เกาะ",2568,11,"แหล่งน้ำ","ordinal","5","5. ประปา อปท.",2,0,0
"พื้นที่เกาะ",2568,11,"แหล่งน้ำ","ordinal","6","6. ประปาส่วนภูมิภาค",0,0,0
"พื้นที่เกาะ",2569,11,"แหล่งน้ำ","ordinal","1","1. แหล่งน้ำธรรมชาติ",10,0,0
"พื้นที่เกาะ",2569,11,"แหล่งน้ำ","ordinal","2","2. บ่อ/สระ/บาดาลของชุมชน",8,1,25
"พื้นที่เกาะ",2569,11,"แหล่งน้ำ","ordinal","3","3. บ่อ/สระ/บาดาลของโรงเรียน",6,0,0
"พื้นที่เกาะ",2569,11,"แหล่งน้ำ","ordinal","4","4. ประปาหมู่บ้าน/ชุมชน",4,0,0
"พื้นที่เกาะ",2569,11,"แหล่งน้ำ","ordinal","5","5. ประปา อปท.",2,0,0
"พื้นที่เกาะ",2569,11,"แหล่งน้ำ","ordinal","6","6. ประปาส่วนภูมิภาค",0,2,50
"พื้นที่เกาะ",2569,11,"แหล่งน้ำ","ordinal","blank","(ไม่ได้กรอก)",,1,25
"พื้นที่เกาะ",2565,12,"อินเทอร์เน็ต","ordinal","1","1. ไม่มีเครือข่าย",5,1,0.85
"พื้นที่เกาะ",2565,12,"อินเทอร์เน็ต","ordinal","2","2. จานดาวเทียม",4,3,2.54
"พื้นที่เกาะ",2565,12,"อินเทอร์เน็ต","ordinal","3","3. ไร้สาย (มือถือ)",3,24,20.34
"พื้นที่เกาะ",2565,12,"อินเทอร์เน็ต","ordinal","4","4. Leased line / Fiber",2,90,76.27
"พื้นที่เกาะ",2566,12,"อินเทอร์เน็ต","ordinal","1","1. ไม่มีเครือข่าย",5,0,0
"พื้นที่เกาะ",2566,12,"อินเทอร์เน็ต","ordinal","2","2. จานดาวเทียม",4,0,0
"พื้นที่เกาะ",2566,12,"อินเทอร์เน็ต","ordinal","3","3. ไร้สาย (มือถือ)",3,0,0
"พื้นที่เกาะ",2566,12,"อินเทอร์เน็ต","ordinal","4","4. Leased line / Fiber",2,4,100
"พื้นที่เกาะ",2568,12,"อินเทอร์เน็ต","ordinal","1","1. ไม่มีเครือข่าย",5,0,0
"พื้นที่เกาะ",2568,12,"อินเทอร์เน็ต","ordinal","2","2. จานดาวเทียม",4,0,0
"พื้นที่เกาะ",2568,12,"อินเทอร์เน็ต","ordinal","3","3. ไร้สาย (มือถือ)",3,1,25
"พื้นที่เกาะ",2568,12,"อินเทอร์เน็ต","ordinal","4","4. Leased line / Fiber",2,3,75
"พื้นที่เกาะ",2569,12,"อินเทอร์เน็ต","ordinal","1","1. ไม่มีเครือข่าย",5,0,0
"พื้นที่เกาะ",2569,12,"อินเทอร์เน็ต","ordinal","2","2. จานดาวเทียม",4,0,0
"พื้นที่เกาะ",2569,12,"อินเทอร์เน็ต","ordinal","3","3. ไร้สาย (มือถือ)",3,0,0
"พื้นที่เกาะ",2569,12,"อินเทอร์เน็ต","ordinal","4","4. Leased line / Fiber",2,3,75
"พื้นที่เกาะ",2569,12,"อินเทอร์เน็ต","ordinal","blank","(ไม่ได้กรอก)",,1,25
"พื้นที่เกาะ",2565,13,"โทรศัพท์","ordinal","1","1. ไม่มีเครือข่าย",5,1,0.85
"พื้นที่เกาะ",2565,13,"โทรศัพท์","ordinal","2","2. จานดาวเทียม",4,0,0
"พื้นที่เกาะ",2565,13,"โทรศัพท์","ordinal","3","3. โทรศัพท์เคลื่อนที่",3,64,54.24
"พื้นที่เกาะ",2565,13,"โทรศัพท์","ordinal","4","4. โทรศัพท์พื้นฐาน",2,53,44.92
"พื้นที่เกาะ",2566,13,"โทรศัพท์","ordinal","1","1. ไม่มีเครือข่าย",5,0,0
"พื้นที่เกาะ",2566,13,"โทรศัพท์","ordinal","2","2. จานดาวเทียม",4,0,0
"พื้นที่เกาะ",2566,13,"โทรศัพท์","ordinal","3","3. โทรศัพท์เคลื่อนที่",3,3,75
"พื้นที่เกาะ",2566,13,"โทรศัพท์","ordinal","4","4. โทรศัพท์พื้นฐาน",2,1,25
"พื้นที่เกาะ",2568,13,"โทรศัพท์","ordinal","1","1. ไม่มีเครือข่าย",5,0,0
"พื้นที่เกาะ",2568,13,"โทรศัพท์","ordinal","2","2. จานดาวเทียม",4,0,0
"พื้นที่เกาะ",2568,13,"โทรศัพท์","ordinal","3","3. โทรศัพท์เคลื่อนที่",3,4,100
"พื้นที่เกาะ",2568,13,"โทรศัพท์","ordinal","4","4. โทรศัพท์พื้นฐาน",2,0,0
"พื้นที่เกาะ",2569,13,"โทรศัพท์","ordinal","1","1. ไม่มีเครือข่าย",5,0,0
"พื้นที่เกาะ",2569,13,"โทรศัพท์","ordinal","2","2. จานดาวเทียม",4,0,0
"พื้นที่เกาะ",2569,13,"โทรศัพท์","ordinal","3","3. โทรศัพท์เคลื่อนที่",3,1,25
"พื้นที่เกาะ",2569,13,"โทรศัพท์","ordinal","4","4. โทรศัพท์พื้นฐาน",2,2,50
"พื้นที่เกาะ",2569,13,"โทรศัพท์","ordinal","blank","(ไม่ได้กรอก)",,1,25
"พื้นที่เกาะ",2565,14,"ประกาศคลัง","binary","1","1. ใช่",2,46,38.98
"พื้นที่เกาะ",2565,14,"ประกาศคลัง","binary","2","2. ไม่ใช่",0,72,61.02
"พื้นที่เกาะ",2566,14,"ประกาศคลัง","binary","1","1. ใช่",2,0,0
"พื้นที่เกาะ",2566,14,"ประกาศคลัง","binary","2","2. ไม่ใช่",0,4,100
"พื้นที่เกาะ",2568,14,"ประกาศคลัง","binary","1","1. ใช่",2,4,100
"พื้นที่เกาะ",2568,14,"ประกาศคลัง","binary","2","2. ไม่ใช่",0,0,0
"พื้นที่เกาะ",2569,14,"ประกาศคลัง","binary","1","1. ใช่",2,1,25
"พื้นที่เกาะ",2569,14,"ประกาศคลัง","binary","2","2. ไม่ใช่",0,2,50
"พื้นที่เกาะ",2569,14,"ประกาศคลัง","binary","blank","(ไม่ได้กรอก)",,1,25
"พื้นที่เกาะ",2565,15,"นักเรียนยากจน","count","0 คน","0 คน",,5,4.24
"พื้นที่เกาะ",2565,15,"นักเรียนยากจน","count","1–10","1–10",,26,22.03
"พื้นที่เกาะ",2565,15,"นักเรียนยากจน","count","11–30","11–30",,32,27.12
"พื้นที่เกาะ",2565,15,"นักเรียนยากจน","count","31–50","31–50",,16,13.56
"พื้นที่เกาะ",2565,15,"นักเรียนยากจน","count","≥ 51","≥ 51",,39,33.05
"พื้นที่เกาะ",2566,15,"นักเรียนยากจน","count","0 คน","0 คน",,0,0
"พื้นที่เกาะ",2566,15,"นักเรียนยากจน","count","1–10","1–10",,0,0
"พื้นที่เกาะ",2566,15,"นักเรียนยากจน","count","11–30","11–30",,0,0
"พื้นที่เกาะ",2566,15,"นักเรียนยากจน","count","31–50","31–50",,0,0
"พื้นที่เกาะ",2566,15,"นักเรียนยากจน","count","≥ 51","≥ 51",,4,100
"พื้นที่เกาะ",2568,15,"นักเรียนยากจน","count","0 คน","0 คน",,0,0
"พื้นที่เกาะ",2568,15,"นักเรียนยากจน","count","1–10","1–10",,0,0
"พื้นที่เกาะ",2568,15,"นักเรียนยากจน","count","11–30","11–30",,1,25
"พื้นที่เกาะ",2568,15,"นักเรียนยากจน","count","31–50","31–50",,0,0
"พื้นที่เกาะ",2568,15,"นักเรียนยากจน","count","≥ 51","≥ 51",,3,75
"พื้นที่เกาะ",2569,15,"นักเรียนยากจน","count","0 คน","0 คน",,3,75
"พื้นที่เกาะ",2569,15,"นักเรียนยากจน","count","1–10","1–10",,0,0
"พื้นที่เกาะ",2569,15,"นักเรียนยากจน","count","11–30","11–30",,0,0
"พื้นที่เกาะ",2569,15,"นักเรียนยากจน","count","31–50","31–50",,0,0
"พื้นที่เกาะ",2569,15,"นักเรียนยากจน","count","≥ 51","≥ 51",,1,25