area,item_no,item_short,measure,answer,points,n,pct,item_max,variance_share_pct,D
"พื้นที่สูง",1,"ความสูงจุดสูงสุด","continuous","0 (ไม่มีข้อมูล)",,9,0.61,30,7.68,0.04
"พื้นที่สูง",1,"ความสูงจุดสูงสุด","continuous","1–499",,175,11.82,30,7.68,0.04
"พื้นที่สูง",1,"ความสูงจุดสูงสุด","continuous","500–699",,435,29.37,30,7.68,0.04
"พื้นที่สูง",1,"ความสูงจุดสูงสุด","continuous","700–999",,438,29.57,30,7.68,0.04
"พื้นที่สูง",1,"ความสูงจุดสูงสุด","continuous","1,000–1,299",,238,16.07,30,7.68,0.04
"พื้นที่สูง",1,"ความสูงจุดสูงสุด","continuous","≥ 1,300",,186,12.56,30,7.68,0.04
"พื้นที่สูง",2,"ชายแดน","ordinal","1. หมู่บ้าน/เขตบริการติดชายแดน",5,244,16.48,5,5.11,0.24
"พื้นที่สูง",2,"ชายแดน","ordinal","2. ตำบลติดชายแดน",4,231,15.6,5,5.11,0.24
"พื้นที่สูง",2,"ชายแดน","ordinal","3. อำเภอติดชายแดน",3,421,28.43,5,5.11,0.24
"พื้นที่สูง",2,"ชายแดน","ordinal","4. จังหวัดติดชายแดน",2,390,26.33,5,5.11,0.24
"พื้นที่สูง",2,"ชายแดน","ordinal","5. ไม่อยู่ในจังหวัดติดชายแดน",0,188,12.69,5,5.11,0.24
"พื้นที่สูง",2,"ชายแดน","ordinal","(ไม่ได้กรอก)",,7,0.47,5,5.11,0.24
"พื้นที่สูง",3,"เขต อปท.","ordinal","1. อบต.",5,1221,82.44,5,1.01,0.05
"พื้นที่สูง",3,"เขต อปท.","ordinal","2. เทศบาลตำบล",4,258,17.42,5,1.01,0.05
"พื้นที่สูง",3,"เขต อปท.","ordinal","3. เทศบาลเมือง",3,1,0.07,5,1.01,0.05
"พื้นที่สูง",3,"เขต อปท.","ordinal","4. เทศบาลนคร",0,0,0,5,1.01,0.05
"พื้นที่สูง",3,"เขต อปท.","ordinal","(ไม่ได้กรอก)",,1,0.07,5,1.01,0.05
"พื้นที่สูง",4,"ถนนรถ 2 ล้อไปไม่ได้","continuous","0 (ไม่มีเส้นทางลำบาก)",,1291,87.17,5,9.04,0.34
"พื้นที่สูง",4,"ถนนรถ 2 ล้อไปไม่ได้","continuous","0.01–1.99",,10,0.68,5,9.04,0.34
"พื้นที่สูง",4,"ถนนรถ 2 ล้อไปไม่ได้","continuous","2–4.99",,28,1.89,5,9.04,0.34
"พื้นที่สูง",4,"ถนนรถ 2 ล้อไปไม่ได้","continuous","5–9.99",,47,3.17,5,9.04,0.34
"พื้นที่สูง",4,"ถนนรถ 2 ล้อไปไม่ได้","continuous","≥ 10",,105,7.09,5,9.04,0.34
"พื้นที่สูง",5,"ระยะทางถึงศาลากลาง","continuous","0 (ไม่มีข้อมูล)",,9,0.61,5,1.91,0.06
"พื้นที่สูง",5,"ระยะทางถึงศาลากลาง","continuous","1–49",,103,6.95,5,1.91,0.06
"พื้นที่สูง",5,"ระยะทางถึงศาลากลาง","continuous","50–99",,551,37.2,5,1.91,0.06
"พื้นที่สูง",5,"ระยะทางถึงศาลากลาง","continuous","100–149",,483,32.61,5,1.91,0.06
"พื้นที่สูง",5,"ระยะทางถึงศาลากลาง","continuous","150–199",,254,17.15,5,1.91,0.06
"พื้นที่สูง",5,"ระยะทางถึงศาลากลาง","continuous","≥ 200",,81,5.47,5,1.91,0.06
"พื้นที่สูง",6,"ขนส่งสาธารณะ","ordinal","1. ไม่มีรถประจำทาง",5,1174,79.27,5,2.32,0.11
"พื้นที่สูง",6,"ขนส่งสาธารณะ","ordinal","2. ≤2 เที่ยว/วัน",4,188,12.69,5,2.32,0.11
"พื้นที่สูง",6,"ขนส่งสาธารณะ","ordinal","3. ≤4 เที่ยว/วัน",3,57,3.85,5,2.32,0.11
"พื้นที่สูง",6,"ขนส่งสาธารณะ","ordinal","4. ≤6 เที่ยว/วัน",1,27,1.82,5,2.32,0.11
"พื้นที่สูง",6,"ขนส่งสาธารณะ","ordinal","5. >6 เที่ยว/วัน",1,34,2.3,5,2.32,0.11
"พื้นที่สูง",6,"ขนส่งสาธารณะ","ordinal","(ไม่ได้กรอก)",,1,0.07,5,2.32,0.11
"พื้นที่สูง",7,"แหล่งน้ำ","multiset","1. ต่อจากแหล่งน้ำธรรมชาติ (ประปาภูเขา/ลำธาร)",6,971,65.56,6,6.6,0.25
"พื้นที่สูง",7,"แหล่งน้ำ","multiset","2. สูบจากบ่อ/สระ/บาดาลของชุมชน",5,211,14.25,6,6.6,0.25
"พื้นที่สูง",7,"แหล่งน้ำ","multiset","3. สูบจากบ่อ/สระ/บาดาลของโรงเรียน",4,377,25.46,6,6.6,0.25
"พื้นที่สูง",7,"แหล่งน้ำ","multiset","4. ประปาหมู่บ้าน/ชุมชน",3,177,11.95,6,6.6,0.25
"พื้นที่สูง",7,"แหล่งน้ำ","multiset","5. ประปา อปท.",2,50,3.38,6,6.6,0.25
"พื้นที่สูง",7,"แหล่งน้ำ","multiset","6. ประปาส่วนภูมิภาค",1,58,3.92,6,6.6,0.25
"พื้นที่สูง",7,"แหล่งน้ำ","multiset","(ไม่ได้กรอก)",,1,0.07,6,6.6,0.25
"พื้นที่สูง",8,"ไฟฟ้า","multiset","1. พลังงานทางเลือก (โซลาร์/ลม/น้ำ/เครื่องปั่นไฟ)",3,245,16.54,3,5.29,0.33
"พื้นที่สูง",8,"ไฟฟ้า","multiset","2. ไฟฟ้าส่วนภูมิภาค",0,1328,89.67,3,5.29,0.33
"พื้นที่สูง",8,"ไฟฟ้า","multiset","(ไม่ได้กรอก)",,1,0.07,3,5.29,0.33
"พื้นที่สูง",9,"โทรศัพท์","multiset","1. ไม่มีเครือข่ายสัญญาณ",3,129,8.71,3,3.56,0.24
"พื้นที่สูง",9,"โทรศัพท์","multiset","2. ผ่านจานดาวเทียม",2,48,3.24,3,3.56,0.24
"พื้นที่สูง",9,"โทรศัพท์","multiset","3. โทรศัพท์เคลื่อนที่",1,1243,83.93,3,3.56,0.24
"พื้นที่สูง",9,"โทรศัพท์","multiset","4. โทรศัพท์พื้นฐาน",0,264,17.83,3,3.56,0.24
"พื้นที่สูง",9,"โทรศัพท์","multiset","(ไม่ได้กรอก)",,1,0.07,3,3.56,0.24
"พื้นที่สูง",10,"อินเทอร์เน็ต","multiset","1. ไม่มีเครือข่าย Internet",3,71,4.79,3,4,0.26
"พื้นที่สูง",10,"อินเทอร์เน็ต","multiset","2. จานรับสัญญาณดาวเทียม",2,118,7.97,3,4,0.26
"พื้นที่สูง",10,"อินเทอร์เน็ต","multiset","3. ไร้สาย (มือถือ)",1,581,39.23,3,4,0.26
"พื้นที่สูง",10,"อินเทอร์เน็ต","multiset","4. Leased line / Fiber",0,1138,76.84,3,4,0.26
"พื้นที่สูง",10,"อินเทอร์เน็ต","multiset","(ไม่ได้กรอก)",,1,0.07,3,4,0.26
"พื้นที่สูง",11,"% ชาติพันธุ์","percent","0%",,240,16.21,5,14.12,0.71
"พื้นที่สูง",11,"% ชาติพันธุ์","percent","0.01–24.99%",,111,7.49,5,14.12,0.71
"พื้นที่สูง",11,"% ชาติพันธุ์","percent","25–49.99%",,113,7.63,5,14.12,0.71
"พื้นที่สูง",11,"% ชาติพันธุ์","percent","50–74.99%",,129,8.71,5,14.12,0.71
"พื้นที่สูง",11,"% ชาติพันธุ์","percent","75–99.99%",,218,14.72,5,14.12,0.71
"พื้นที่สูง",11,"% ชาติพันธุ์","percent","100%",,670,45.24,5,14.12,0.71
"พื้นที่สูง",12,"จำนวนกลุ่มชาติพันธุ์","count","0 กลุ่ม",,240,16.21,5,2.91,0.16
"พื้นที่สูง",12,"จำนวนกลุ่มชาติพันธุ์","count","1 กลุ่ม",,503,33.96,5,2.91,0.16
"พื้นที่สูง",12,"จำนวนกลุ่มชาติพันธุ์","count","2 กลุ่ม",,267,18.03,5,2.91,0.16
"พื้นที่สูง",12,"จำนวนกลุ่มชาติพันธุ์","count","3 กลุ่ม",,202,13.64,5,2.91,0.16
"พื้นที่สูง",12,"จำนวนกลุ่มชาติพันธุ์","count","4 กลุ่ม",,133,8.98,5,2.91,0.16
"พื้นที่สูง",12,"จำนวนกลุ่มชาติพันธุ์","count","≥ 5 กลุ่ม",,136,9.18,5,2.91,0.16
"พื้นที่สูง",13,"นักเรียนยากจน","count","0 คน",,80,5.4,5,7.41,0.35
"พื้นที่สูง",13,"นักเรียนยากจน","count","1–20",,202,13.64,5,7.41,0.35
"พื้นที่สูง",13,"นักเรียนยากจน","count","21–50",,345,23.3,5,7.41,0.35
"พื้นที่สูง",13,"นักเรียนยากจน","count","51–100",,371,25.05,5,7.41,0.35
"พื้นที่สูง",13,"นักเรียนยากจน","count","101–200",,311,21,5,7.41,0.35
"พื้นที่สูง",13,"นักเรียนยากจน","count","≥ 201",,172,11.61,5,7.41,0.35
"พื้นที่สูง",14,"นักเรียนพักนอน","count","0 คน",,1054,71.17,5,7.64,0.33
"พื้นที่สูง",14,"นักเรียนพักนอน","count","1–10",,67,4.52,5,7.64,0.33
"พื้นที่สูง",14,"นักเรียนพักนอน","count","11–30",,141,9.52,5,7.64,0.33
"พื้นที่สูง",14,"นักเรียนพักนอน","count","31–50",,85,5.74,5,7.64,0.33
"พื้นที่สูง",14,"นักเรียนพักนอน","count","≥ 51",,134,9.05,5,7.64,0.33
"พื้นที่สูง",15,"สาขา","count","ไม่มีสาขา",,1354,91.42,5,3.55,0.14
"พื้นที่สูง",15,"สาขา","count","1 แห่ง",,95,6.41,5,3.55,0.14
"พื้นที่สูง",15,"สาขา","count","2 แห่ง",,12,0.81,5,3.55,0.14
"พื้นที่สูง",15,"สาขา","count","≥ 3 แห่ง",,20,1.35,5,3.55,0.14
"พื้นที่สูง",16,"ประกาศคลัง","binary","1. ใช่",5,523,35.31,5,17.86,0.87
"พื้นที่สูง",16,"ประกาศคลัง","binary","2. ไม่ใช่",0,950,64.15,5,17.86,0.87
"พื้นที่สูง",16,"ประกาศคลัง","binary","(ไม่ได้กรอก)",,8,0.54,5,17.86,0.87
"พื้นที่เกาะ",1,"เป็นเกาะ","binary","1. ใช่",0,0,0,0,0,0
"พื้นที่เกาะ",1,"เป็นเกาะ","binary","2. ไม่ใช่",0,0,0,0,0,0
"พื้นที่เกาะ",2,"เขต อปท.","ordinal","1. อบต.",10,67,54.47,10,8.73,0.18
"พื้นที่เกาะ",2,"เขต อปท.","ordinal","2. เทศบาลตำบล",8,34,27.64,10,8.73,0.18
"พื้นที่เกาะ",2,"เขต อปท.","ordinal","3. เทศบาลเมือง",6,1,0.81,10,8.73,0.18
"พื้นที่เกาะ",2,"เขต อปท.","ordinal","4. เทศบาลนคร",4,21,17.07,10,8.73,0.18
"พื้นที่เกาะ",3,"ลักษณะที่ตั้ง","binary","1. ไม่มีสะพาน — ไปได้ทางเรือเท่านั้น",16,122,99.19,16,1.38,0.03
"พื้นที่เกาะ",3,"ลักษณะที่ตั้ง","binary","2. มีสะพาน / ไปได้ทั้งทางบกและน้ำ",0,1,0.81,16,1.38,0.03
"พื้นที่เกาะ",4,"พาหนะหลัก","ordinal","1. เรือไม่ประจำทาง",20,26,21.14,20,41.28,0.55
"พื้นที่เกาะ",4,"พาหนะหลัก","ordinal","2. เรือประจำทาง ไม่ตลอดปี",15,40,32.52,20,41.28,0.55
"พื้นที่เกาะ",4,"พาหนะหลัก","ordinal","3. เรือประจำทาง ตลอดปี",10,12,9.76,20,41.28,0.55
"พื้นที่เกาะ",4,"พาหนะหลัก","ordinal","4. เรือเฟอร์รี่/แพขนานยนต์",5,45,36.59,20,41.28,0.55
"พื้นที่เกาะ",4,"พาหนะหลัก","ordinal","5. ใช้รถเป็นหลัก",0,0,0,20,41.28,0.55
"พื้นที่เกาะ",5,"ระยะทางบก","continuous","0",,0,0,5,-0.89,-0.04
"พื้นที่เกาะ",5,"ระยะทางบก","continuous","0.01–4.99",,2,1.63,5,-0.89,-0.04
"พื้นที่เกาะ",5,"ระยะทางบก","continuous","5–9.99",,6,4.88,5,-0.89,-0.04
"พื้นที่เกาะ",5,"ระยะทางบก","continuous","10–19.99",,19,15.45,5,-0.89,-0.04
"พื้นที่เกาะ",5,"ระยะทางบก","continuous","≥ 20",,96,78.05,5,-0.89,-0.04
"พื้นที่เกาะ",6,"ระยะทางน้ำ","continuous","0",,1,0.81,5,2.53,0.22
"พื้นที่เกาะ",6,"ระยะทางน้ำ","continuous","0.01–4.99",,32,26.02,5,2.53,0.22
"พื้นที่เกาะ",6,"ระยะทางน้ำ","continuous","5–9.99",,26,21.14,5,2.53,0.22
"พื้นที่เกาะ",6,"ระยะทางน้ำ","continuous","10–19.99",,8,6.5,5,2.53,0.22
"พื้นที่เกาะ",6,"ระยะทางน้ำ","continuous","≥ 20",,56,45.53,5,2.53,0.22
"พื้นที่เกาะ",7,"เวลาเดินทาง","continuous","0",,1,0.81,5,1.21,0.11
"พื้นที่เกาะ",7,"เวลาเดินทาง","continuous","1–29",,35,28.46,5,1.21,0.11
"พื้นที่เกาะ",7,"เวลาเดินทาง","continuous","30–59",,39,31.71,5,1.21,0.11
"พื้นที่เกาะ",7,"เวลาเดินทาง","continuous","60–89",,11,8.94,5,1.21,0.11
"พื้นที่เกาะ",7,"เวลาเดินทาง","continuous","≥ 90",,37,30.08,5,1.21,0.11
"พื้นที่เกาะ",8,"ค่าโดยสาร","continuous","0",,1,0.81,5,5.45,0.37
"พื้นที่เกาะ",8,"ค่าโดยสาร","continuous","1–49",,11,8.94,5,5.45,0.37
"พื้นที่เกาะ",8,"ค่าโดยสาร","continuous","50–99",,10,8.13,5,5.45,0.37
"พื้นที่เกาะ",8,"ค่าโดยสาร","continuous","100–299",,36,29.27,5,5.45,0.37
"พื้นที่เกาะ",8,"ค่าโดยสาร","continuous","300–499",,38,30.89,5,5.45,0.37
"พื้นที่เกาะ",8,"ค่าโดยสาร","continuous","≥ 500",,27,21.95,5,5.45,0.37
"พื้นที่เกาะ",9,"เดินทางต่อ","ordinal","1. ทางเรือแล้วต่อด้วยเดินเท้า",5,1,0.81,5,2.74,0.14
"พื้นที่เกาะ",9,"เดินทางต่อ","ordinal","2. เดินเท้าเท่านั้น",4,14,11.38,5,2.74,0.14
"พื้นที่เกาะ",9,"เดินทางต่อ","ordinal","3. รถบนทางลำลอง/ทางเท้า",3,5,4.07,5,2.74,0.14
"พื้นที่เกาะ",9,"เดินทางต่อ","ordinal","4. รถบนทางลาดยาง/คอนกรีต",2,98,79.67,5,2.74,0.14
"พื้นที่เกาะ",9,"เดินทางต่อ","ordinal","5. ไม่ต้องเดินทางต่อ",1,5,4.07,5,2.74,0.14
"พื้นที่เกาะ",10,"ไฟฟ้า","binary","1. พลังงานทางเลือกเท่านั้น",5,21,17.07,5,11.03,0.61
"พื้นที่เกาะ",10,"ไฟฟ้า","binary","2. ไฟฟ้าส่วนภูมิภาค",0,102,82.93,5,11.03,0.61
"พื้นที่เกาะ",11,"แหล่งน้ำ","ordinal","1. แหล่งน้ำธรรมชาติ",10,12,9.76,10,13.66,0.33
"พื้นที่เกาะ",11,"แหล่งน้ำ","ordinal","2. บ่อ/สระ/บาดาลของชุมชน",8,29,23.58,10,13.66,0.33
"พื้นที่เกาะ",11,"แหล่งน้ำ","ordinal","3. บ่อ/สระ/บาดาลของโรงเรียน",6,50,40.65,10,13.66,0.33
"พื้นที่เกาะ",11,"แหล่งน้ำ","ordinal","4. ประปาหมู่บ้าน/ชุมชน",4,7,5.69,10,13.66,0.33
"พื้นที่เกาะ",11,"แหล่งน้ำ","ordinal","5. ประปา อปท.",2,7,5.69,10,13.66,0.33
"พื้นที่เกาะ",11,"แหล่งน้ำ","ordinal","6. ประปาส่วนภูมิภาค",0,18,14.63,10,13.66,0.33
"พื้นที่เกาะ",12,"อินเทอร์เน็ต","ordinal","1. ไม่มีเครือข่าย",5,1,0.81,5,2.46,0.15
"พื้นที่เกาะ",12,"อินเทอร์เน็ต","ordinal","2. จานดาวเทียม",4,3,2.44,5,2.46,0.15
"พื้นที่เกาะ",12,"อินเทอร์เน็ต","ordinal","3. ไร้สาย (มือถือ)",3,25,20.33,5,2.46,0.15
"พื้นที่เกาะ",12,"อินเทอร์เน็ต","ordinal","4. Leased line / Fiber",2,94,76.42,5,2.46,0.15
"พื้นที่เกาะ",13,"โทรศัพท์","ordinal","1. ไม่มีเครือข่าย",5,1,0.81,5,1.85,0.12
"พื้นที่เกาะ",13,"โทรศัพท์","ordinal","2. จานดาวเทียม",4,0,0,5,1.85,0.12
"พื้นที่เกาะ",13,"โทรศัพท์","ordinal","3. โทรศัพท์เคลื่อนที่",3,69,56.1,5,1.85,0.12
"พื้นที่เกาะ",13,"โทรศัพท์","ordinal","4. โทรศัพท์พื้นฐาน",2,53,43.09,5,1.85,0.12
"พื้นที่เกาะ",14,"ประกาศคลัง","binary","1. ใช่",2,51,41.46,2,6.31,0.88
"พื้นที่เกาะ",14,"ประกาศคลัง","binary","2. ไม่ใช่",0,72,58.54,2,6.31,0.88
"พื้นที่เกาะ",15,"นักเรียนยากจน","count","0 คน",,7,5.69,2,2.26,0.3
"พื้นที่เกาะ",15,"นักเรียนยากจน","count","1–10",,25,20.33,2,2.26,0.3
"พื้นที่เกาะ",15,"นักเรียนยากจน","count","11–30",,32,26.02,2,2.26,0.3
"พื้นที่เกาะ",15,"นักเรียนยากจน","count","31–50",,15,12.2,2,2.26,0.3
"พื้นที่เกาะ",15,"นักเรียนยากจน","count","≥ 51",,44,35.77,2,2.26,0.3